name,start,end,strand
dnaA,1,1524,+
dnaN,2052,3260,+
recF,3280,4437,+
Rv0004,4434,4997,+
gyrB,5240,7267,+
gyrA,7302,9818,+
Rv0007,9914,10828,+
Rv0008c,11874,12311,-
ppiA,12468,13016,+
Rv0010c,13133,13558,-
Rv0011c,13714,13995,-
Rv0012,14089,14877,+
trpG,14914,15612,+
pknB,15590,17470,-
pknA,17467,18762,-
pbpA,18759,20234,-
rodA,20231,21640,-
pstP,21637,23181,-
fhaB,23270,23737,-
fhaA,23861,25444,-
Rv0021c,25913,26881,-
whiB5,27023,27442,-
Rv0023,27595,28365,+
Rv0024,28362,29207,+
Rv0025,29245,29607,+
Rv0026,29722,31068,+
Rv0027,31189,31506,+
Rv0028,31514,31819,+
Rv0029,32057,33154,+
Rv0030,33224,33553,+
bioF2,34295,36610,+
acpA,36607,36870,+
Rv0034,36867,37262,+
fadD34,37259,38947,+
Rv0036c,39056,39829,-
Rv0037c,39877,41202,-
Rv0038,41304,41912,+
Rv0039c,42004,42351,-
mtc28,42433,43365,-
leuS,43562,46471,+
Rv0042c,46581,47207,-
Rv0043c,47366,48100,-
Rv0044c,48233,49027,-
Rv0045c,49043,49939,-
ino1,50021,51124,-
Rv0047c,51185,51727,-
Rv0048c,51828,52697,-
Rv0049,52831,53244,+
ponA1,53663,55699,+
Rv0051,55696,57378,+
Rv0052,57410,57973,+
rpsF,58192,58482,+
ssb,58586,59080,+
rpsR1,59122,59376,+
rplI,59409,59867,+
Rv0057,59896,60417,+
dnaB,60396,63020,+
Rv0059,63200,63892,+
Rv0060,63909,64967,+
Rv0061c,65012,65350,-
celA1,65552,66694,+
Rv0063,66923,68362,+
Rv0063a,68418,68579,+
Rv0064,68620,71559,+
vapB1,71589,71828,+
vapC1,71821,72222,+
icd2,72274,74511,-
Rv0067c,74629,75198,-
Rv0068,75301,76212,+
sdaA,76237,77622,-
glyA2,77619,78896,-
Rv0071,79486,80193,+
Rv0072,80624,81673,+
Rv0073,81676,82668,+
Rv0074,82748,83983,+
Rv0075,83996,85168,+
Rv0076c,85183,85572,-
Rv0077c,85636,86466,-
Rv0078,86528,87133,+
Rv0078A,87208,87801,-
Rv0078B,87798,88004,-
Rv0079,88204,89025,+
Rv0080,89022,89480,+
Rv0081,89575,89919,+
Rv0082,89924,90403,+
Rv0083,90400,92322,+
hycD,92328,93278,+
hycP,93289,93951,+
hycQ,93951,95417,+
hycE,95414,96892,+
Rv0088,96927,97601,+
Rv0089,97758,98351,+
Rv0090,98480,99250,+
mtn,99684,100451,+
ctpA,100583,102868,+
Rv0093c,102815,103663,-
Rv0094c,103710,104663,-
Rv0095c,104805,105215,-
PPE1,105324,106715,+
Rv0097,106734,107603,+
fcoT,107600,108151,+
fadD10,108156,109778,+
Rv0100,109783,110019,+
nrp,110001,117539,+
Rv0102,117714,119699,+
ctpB,119915,122173,-
Rv0104,122317,123831,+
rpmB1,123980,124264,-
Rv0106,124374,125570,+
ctpI,125643,130541,-
Rv0108c,130895,131104,-
PE_PGRS1,131382,132872,+
Rv0110,133020,133769,+
Rv0111,133950,136007,+
gca,136289,137245,+
gmhA,137319,137909,+
gmhB,137941,138513,+
hddA,138513,139673,+
Rv0115a,139956,140144,+
ldtA,140267,141022,-
oxyS,141200,142144,+
oxcA,142128,143876,-
fadD7,144049,145626,+
fusA2,145627,147771,-
Rv0121c,147908,148342,-
Rv0122,148491,148859,+
Rv0123,148856,149224,+
PE_PGRS2,149533,150996,+
pepA,151148,152215,+
treS,152324,154129,+
mak,154232,155599,+
Rv0128,155667,156446,+
fbpC,156578,157600,-
htdZ,157847,158302,+
fadE1,158315,159658,-
fgd2,159700,160782,-
Rv0133,160869,161474,+
ephF,161771,162673,+
Rv0135c,162644,163249,-
cyp138,163366,164691,+
msrA,164712,165260,-
Rv0138,165323,165826,+
Rv0139,165827,166849,+
Rv0140,166910,167290,+
Rv0141c,167271,167681,-
Rv0142,167711,168637,+
Rv0143c,168704,170182,-
Rv0144,170284,171126,+
Rv0145,171215,172168,+
Rv0146,172211,173143,+
Rv0147,173238,174758,+
Rv0148,174833,175693,+
Rv0149,175700,176668,+
Rv0150c,176665,176952,-
PE1,177543,179309,-
PE2,179319,180896,-
ptbB,181155,181985,-
fadE2,181987,183198,-
pntAa,183622,184722,+
pntAb,184723,185055,+
pntB,185052,186479,+
Rv0157A,186495,186623,-
Rv0158,186785,187429,+
PE3,187433,188839,-
PE4,188931,190439,-
Rv0161,190607,191956,+
adhE1,191984,193135,-
Rv0163,193117,193572,+
TB18.5,193626,194111,+
mce1R,194144,194815,-
fadD5,194993,196657,+
yrbE1A,196861,197658,+
yrbE1B,197660,198529,+
mce1A,198534,199898,+
mce1B,199895,200935,+
mce1C,200932,202479,+
mce1D,202476,204068,+
lprK,204065,205237,+
mce1F,205231,206778,+
Rv0175,206814,207455,+
Rv0176,207452,208420,+
Rv0177,208417,208971,+
Rv0178,208938,209672,+
lprO,209703,210812,-
Rv0180c,210892,212250,-
Rv0181c,212277,213011,-
sigG,213028,214140,-
Rv0183,214088,214927,+
Rv0184,214969,215718,+
Rv0185,215715,216224,+
bglS,216269,218344,+
mymT,218390,218551,-
Rv0187,218705,219367,+
Rv0188,219486,219917,+
ilvD,219996,221723,-
Rv0190,221871,222161,+
Rv0191,222289,223530,+
Rv0192,223564,224664,+
Rv0193c,224724,226571,-
Rv0194,226878,230462,+
Rv0195,230899,231534,+
Rv0196,231647,232231,+
Rv0197,232231,234519,+
zmp1,234516,236507,-
Rv0199,236550,237209,+
Rv0200,237206,237895,+
Rv0201c,237892,238395,-
mmpL11,238392,241292,-
Rv0203,241514,241924,+
Rv0204c,241976,243214,-
Rv0205,243384,244487,+
mmpL3,244484,247318,-
Rv0207c,247384,248112,-
Rv0208c,248115,248906,-
Rv0209,249038,250123,+
Rv0210,250120,251598,+
pckA,251782,253602,+
nadR,253669,254640,-
Rv0213c,254637,255950,-
fadD4,256064,257677,+
Rv0216,258913,259926,+
lipW,259923,260831,-
Rv0218,260924,262252,+
Rv0219,262254,262802,+
lipC,262812,264023,+
Rv0221,264067,265476,+
echA1,265507,266295,+
Rv0223c,266301,267764,-
Rv0224c,267863,268627,-
Rv0225,268663,269817,+
Rv0226c,269834,271564,-
Rv0227c,271574,272839,-
Rv0228,273055,274278,+
Rv0229c,274306,274986,-
php,274983,275963,-
fadE4,276058,277764,+
Rv0232,277899,278588,+
nrdB,278585,279529,+
gabD1,279605,281140,-
Rv0235c,281166,282614,-
aftD,282649,286851,-
Rv0236A,286898,287071,-
lpqI,287186,288352,+
Rv0238,288428,289042,+
vapB24,289104,289337,+
vapC24,289345,289782,+
htdX,289812,290654,-
fabG4,290665,292029,-
fadA2,292171,293493,+
fadE5,293798,295633,-
Rv0245,296005,296493,+
Rv0246,296809,298119,+
Rv0247c,298116,298862,-
Rv0248c,298863,300803,-
Rv0249c,300834,301655,-
Rv0250c,301735,302028,-
hsp,302173,302652,-
nirB,302866,305427,+
nirD,305453,305809,+
cobU,305825,306349,-
cobQ1,306374,307858,-
PPE2,307877,309547,-
Rv0257,309699,310073,+
Rv0258c,310294,310749,-
Rv0259c,310774,311517,-
Rv0260c,311514,312659,-
narK3,312759,314168,-
aac,314309,314854,-
Rv0263c,314864,315766,-
Rv0264c,315783,316415,-
Rv0265c,316511,317503,-
oplA,317525,321154,-
narU,321331,322722,+
Rv0268c,322764,323273,-
Rv0269c,323338,324531,-
fadD2,324567,326249,+
fadE6,326266,328461,-
Rv0272c,328575,329708,-
Rv0273c,329705,330325,-
Rv0274,330422,331003,+
Rv0275c,330933,331658,-
Rv0276,331748,332668,+
vapC25,332708,333136,-
Rv0278c,333437,336310,-
PE_PGRS4,336560,339073,-
PPE3,339364,340974,+
Rv0281,340998,341906,+
eccA3,342130,344025,+
eccB3,344022,345638,+
eccC3,345635,349627,+
PE5,349624,349932,+
PPE4,349935,351476,+
esxG,351525,351818,+
esxH,351848,352138,+
espG3,352149,353036,+
eccD3,353083,354501,+
mycP3,354498,355883,+
eccE3,355880,356875,+
Rv0293c,356862,358064,-
tam,358171,358956,+
Rv0295c,358945,359748,-
Rv0296c,359758,361155,-
PE_PGRS5,361334,363109,+
Rv0298,363252,363479,+
Rv0299,363476,363778,+
vapB2,363826,364047,+
vapC2,364044,364469,+
Rv0302,364605,365237,+
Rv0303,365234,366142,+
PPE5,366150,372764,-
PPE6,372820,375711,-
Rv0306,375914,376585,+
Rv0307c,376573,377055,-
Rv0308,377113,377829,+
Rv0309,377931,378587,+
Rv0310c,378657,379148,-
Rv0311,379172,380401,+
Rv0312,380556,382418,+
Rv0313,382490,382876,+
Rv0314c,382879,383541,-
Rv0315,383602,384486,+
Rv0316,384535,385149,+
glpQ2,385173,385943,-
Rv0318c,386305,387099,-
pcp,387148,387816,+
Rv0320,387888,388550,+
dcd,388582,389154,+
udgA,389260,390591,+
Rv0323c,390580,391251,-
Rv0324,391352,392032,+
Rv0325,392039,392263,+
Rv0326,392273,392728,+
cyp135A1,392696,394045,-
Rv0328,394111,394713,+
Rv0329c,394694,395320,-
Rv0330c,395347,396087,-
Rv0331,396201,397367,+
Rv0332,397442,398227,+
Rv0333,398254,398628,+
rmlA,398658,399524,+
PE6,399535,400050,-
Rv0336,400192,401703,+
aspC,401873,403162,-
Rv0338c,403193,405841,-
Rv0339c,405950,408448,-
Rv0340,408634,409173,+
iniB,409362,410801,+
iniA,410838,412760,+
iniC,412757,414238,+
lpqJ,414381,414941,-
Rv0345,415050,415460,+
ansP2,415502,416965,-
Rv0347,417304,418290,+
Rv0348,418293,418946,+
Rv0349,418949,419608,+
dnaK,419835,421712,+
grpE,421709,422416,+
dnaJ1,422452,423639,+
hspR,423639,424019,+
PPE7,424269,424694,-
PPE8,424777,434679,-
Rv0356c,434830,435474,-
purA,435471,436769,-
Rv0358,436860,437507,+
Rv0359,437518,438297,+
Rv0360c,438302,438739,-
Rv0361,438822,439649,+
mgtE,439871,441253,+
fba,441265,442299,-
Rv0364,442395,443078,+
Rv0365c,443067,444197,-
Rv0366c,444222,444815,-
Rv0367c,444844,445233,-
Rv0368c,445314,446525,-
Rv0369c,446531,447046,-
Rv0370c,447147,448043,-
Rv0371c,448040,448633,-
Rv0372c,448630,449385,-
Rv0373c,449404,451803,-
Rv0374c,451800,452279,-
Rv0375c,452294,453154,-
Rv0376c,453230,454372,-
Rv0377,454421,455386,+
Rv0378,455637,455858,+
secE2,455977,456192,+
Rv0380c,456268,456819,-
Rv0381c,456915,457823,-
pyrE,457841,458380,-
Rv0383c,458461,459315,-
clpB,459456,462002,-
Rv0385,462135,463307,+
Rv0386,463411,466668,+
purT,468335,469594,+
Rv0390,469591,470013,+
metZ,470010,471230,+
ndhA,471227,472639,-
Rv0393,472781,474106,+
Rv0394c,474122,474841,-
Rv0395,474940,475344,+
Rv0396,475350,475742,+
Rv0397,475816,476184,+
Rv0397A,476394,476642,+
Rv0398c,476679,477320,-
lpqK,477327,478556,-
fadE7,478566,479753,-
Rv0401,479789,480160,+
mmpL1,480355,483231,-
mmpS1,483228,483656,-
fadD30,483977,485734,+
pks6,485731,489939,+
Rv0406c,489887,490705,-
fgd1,490783,491793,+
pta,491786,493858,+
ackA,493851,495008,+
pknG,495062,497314,-
glnH,497314,498300,-
Rv0412c,498300,499619,-
mutT3,499713,500366,+
thiE,500350,501018,-
thiO,501148,502170,+
thiS,502167,502373,+
thiG,502366,503124,+
lpqL,503496,504998,+
lpqM,505086,506582,+
Rv0420c,506561,506971,-
Rv0421c,507132,507761,-
thiD,507758,508555,-
thiC,508582,510225,-
Rv0424c,510377,510652,-
ctpH,510702,515321,-
Rv0426c,515373,515816,-
xthA,516017,516892,-
Rv0428c,516895,517803,-
def,517803,518396,-
Rv0430,518733,519041,+
Rv0431,519073,519567,+
sodC,519600,520322,+
Rv0433,520324,521454,+
Rv0434,521514,522167,+
Rv0435c,522347,524533,-
pssA,524530,525390,-
psd,525387,526082,-
moeA2,526143,527360,-
Rv0439c,527379,528314,-
groEL2,528608,530230,+
Rv0441c,530296,530724,-
PPE10,530751,532214,-
Rv0443,532396,532911,+
rskA,533091,533789,-
sigK,533833,534396,-
Rv0446c,534445,535215,-
ufaA1,535224,536507,-
Rv0448c,536504,537169,-
Rv0449c,537229,538548,-
mmpL4,538588,541491,-
mmpS4,541488,541910,-
Rv0452,542142,542852,+
PPE11,543174,544730,+
Rv0455c,545375,545821,-
echA2,545889,546803,-
mazF1,547076,547357,-
mazE1,547344,547517,-
Rv0457c,547586,549607,-
Rv0458,549675,551198,+
Rv0459,551198,551689,+
Rv0460,551749,551988,+
Rv0461,552026,552550,+
lpdC,552614,554008,+
Rv0463,554016,554309,+
Rv0464c,554313,554885,-
Rv0465c,554882,556306,-
Rv0466,556458,557252,+
icl1,557527,558813,+
fadB2,558895,559755,+
umaA,559888,560748,+
pcaA,560848,561711,-
Rv0470A,561854,562294,-
Rv0471c,562225,562713,-
Rv0472c,562723,563427,-
Rv0473,563564,564934,+
Rv0474,565021,565443,+
hbhA,565797,566396,+
Rv0476,566508,566771,+
Rv0477,566776,567222,+
deoC,567222,567896,+
Rv0479c,567921,568967,-
Rv0480c,568964,569806,-
Rv0481c,569988,570512,-
murB,570539,571648,+
lprQ,571710,573065,+
Rv0484c,573046,573801,-
Rv0485,573984,575300,+
mshA,575348,576790,+
Rv0487,576787,577338,+
Rv0488,577664,578269,+
gpm1,578426,579175,+
senX3,579349,580581,+
regX3,580809,581492,+
Rv0492c,581489,583378,-
Rv0492A,583375,583704,-
Rv0493c,583701,584690,-
Rv0494,584695,585423,+
Rv0495c,585424,586314,-
Rv0496,586394,587380,+
Rv0497,587377,588309,+
Rv0498,588325,589167,+
Rv0499,589183,590058,+
proC,590083,590970,+
Rv0500A,591111,591347,+
galE2,591654,592784,+
Rv0502,592791,593867,+
cmaA2,593871,594779,-
Rv0504c,594802,595302,-
serB1,595464,596585,-
mmpS2,596759,597202,+
mmpL2,597199,600105,+
Rv0508,600098,600391,+
hemA,600441,601847,+
hemC,601857,602786,+
hemD,602819,604516,+
hemB,604602,605591,+
Rv0513,605604,606152,+
Rv0514,606149,606448,+
Rv0515,606551,608062,+
Rv0516c,608059,608535,-
Rv0517,608746,610056,+
Rv0518,610188,610883,+
Rv0519c,611172,612074,-
gabP,613038,614342,+
Rv0523c,614326,614721,-
hemL,614835,616223,+
Rv0525,616223,616831,+
Rv0526,616846,617496,+
ccdA,617493,618272,+
Rv0528,618305,619894,+
ccsA,619891,620865,+
Rv0530,620907,622124,+
Rv0530A,622121,622282,-
Rv0531,622329,622646,+
PE_PGRS6,622793,624577,+
fabH,624473,625480,-
menA,625562,626440,-
Rv0535,626457,627251,+
galE3,627248,628288,+
Rv0537c,628298,629731,-
Rv0538,630040,631686,+
Rv0539,631743,632375,+
Rv0540,632372,633034,+
Rv0541c,633055,634404,-
menE,634416,635504,-
Rv0543c,635573,635875,-
Rv0544c,635935,636213,-
pitA,636210,637463,-
Rv0546c,637583,637969,-
Rv0547c,638032,638916,-
menB,639012,639956,-
vapC3,640228,640641,-
vapB3,640638,640904,-
fadD8,641096,642811,-
Rv0552,642889,644493,+
menC,644490,645470,+
bpoC,645467,646255,+
menD,646298,647962,+
Rv0556,647959,648474,+
mgtA,648536,649672,+
menH,649689,650393,+
Rv0559c,650407,650745,-
Rv0560c,650779,651504,-
Rv0561c,651529,652755,-
grcC1,652771,653778,+
htpX,653879,654739,+
gpdA1,654924,655949,-
Rv0565c,656010,657470,-
Rv0566c,657548,658039,-
Rv0567,658321,659340,+
cyp135B1,659450,660868,+
Rv0569,661003,661269,+
nrdZ,661295,663373,+
Rv0571c,663487,664818,-
Rv0572c,665042,665383,-
pncB2,665851,667242,-
Rv0574c,667252,668394,-
Rv0575c,668579,669745,-
Rv0576,669848,671152,+
TB27.3,671166,671951,+
PE_PGRS7,671996,675916,-
Rv0579,676238,676996,+
Rv0580c,677125,677616,-
vapB26,677710,677925,+
vapC26,677922,678329,+
lpqN,678389,679075,-
Rv0584,679229,681862,+
Rv0585c,681885,684272,-
mce2R,684410,685132,+
yrbE2A,685129,685926,+
Rv0588,685928,686815,+
mce2A,686821,688035,+
mce2C,689059,690504,+
mce2D,690501,692027,+
lprL,692024,693232,+
mce2F,693237,694787,+
vapC4,694839,695231,-
vapB4,695228,695485,-
Rv0597c,695668,696903,-
vapC27,697154,697567,-
vapB27,697564,697800,-
Rv0600c,697904,698410,-
Rv0601c,698524,698994,-
tcrA,699038,699799,-
Rv0603,699856,700167,+
lpqO,700239,701189,+
Rv0605,701430,702014,+
Rv0607,702813,703199,+
vapB28,703244,703489,+
vapC28,703486,703887,+
Rv0609A,703830,704057,+
Rv0610c,704752,705909,-
Rv0611c,705961,706182,-
Rv0612,706324,706929,+
Rv0613c,706948,709515,-
Rv0614,709356,710348,+
Rv0615,710345,710587,+
vapB29,710782,711009,+
vapC29,711006,711407,+
galK,712716,713807,+
Rv0621,714202,715266,+
Rv0622,715370,716317,+
vapB30,716410,716664,+
vapC30,716664,717059,+
Rv0625c,717153,717893,-
vapB5,718025,718285,+
vapC5,718282,718689,+
Rv0628c,718761,719912,-
recD,720005,721732,-
recB,721729,725013,-
recC,725013,728306,-
echA3,728583,729278,-
Rv0633c,729327,730166,-
Rv0634c,730320,731033,-
Rv0634A,731113,731364,+
rpmG2,731712,731879,+
hadA,731930,732406,+
hadB,732393,732821,+
hadC,732825,733325,+
secE1,733737,734222,+
nusG,734254,734970,+
rplK,735022,735450,+
rplA,735517,736224,+
mmaA4,736298,737203,-
mmaA3,737268,738149,-
mmaA2,738297,739160,-
mmaA1,739327,740187,-
lipG,740234,741139,-
Rv0647c,741151,742617,-
Rv0648,742719,746366,+
fabD2,746363,747037,+
Rv0650,747037,747945,+
rplJ,748276,748812,+
rplL,748849,749241,+
Rv0653c,749234,749929,-
Rv0654,750000,751505,+
mkl,751517,752596,+
vapC6,752984,753367,-
vapB6,753462,753617,-
Rv0658c,753693,754409,-
mazF2,754685,754993,-
mazE2,754980,755225,-
vapC7,755335,755772,-
vapB7,755769,756023,-
atsD,756137,758500,+
vapB8,758532,758804,+
vapC8,758801,759139,+
Rv0666,759136,759309,+
rpoB,759807,763325,+
rpoC,763370,767320,+
Rv0669c,767684,769597,-
end,769792,770550,+
lpqP,770582,771424,+
fadE8,771484,773112,+
echA4,773123,774061,+
Rv0674,774064,774786,+
echA5,774783,775574,+
mmpL5,775586,778480,-
mmpS5,778477,778905,-
Rv0678,778990,779487,+
Rv0679c,779543,780040,-
Rv0680c,780042,780416,-
Rv0681,780721,781311,+
rpsL,781560,781934,+
rpsG,781934,782404,+
fusA1,782485,784590,+
tuf,784821,786011,+
Rv0686,786149,786946,+
Rv0687,787099,787926,+
Rv0688,787940,789160,+
Rv0689c,789157,789411,-
Rv0690c,790024,791073,-
Rv0691c,791070,791666,-
Rv0691A,791757,791846,+
Rv0692,791831,792160,+
Rv0693,792157,793332,+
Rv0694,793335,794525,+
Rv0695,794715,795470,+
Rv0696,795519,796931,+
Rv0697,796933,798372,+
Rv0698,798833,799444,+
Rv0699,799629,799850,+
rpsJ,800487,800792,+
rplC,800809,801462,+
rplD,801462,802133,+
rplW,802133,802435,+
rplB,802528,803370,+
rpsS,803411,803692,+
rplV,803689,804282,+
rpsC,804282,805106,+
rplP,805110,805526,+
rpmC,805526,805759,+
rpsQ,805756,806166,+
atsA,806335,808698,+
Rv0712,808746,809645,+
Rv0713,809946,810887,+
rplN,811373,811741,+
rplX,811742,812059,+
rplE,812059,812622,+
rpsN1,812627,812812,+
rpsH,812976,813374,+
rplF,813398,813937,+
rplR,813940,814308,+
rpsE,814328,814990,+
rpmD,814993,815190,+
rplO,815190,815630,+
sppA,815663,817534,+
Rv0725c,817539,818444,-
Rv0726c,818537,819640,-
fucA,819843,820499,-
serA2,820496,821476,-
xylB,821507,822853,+
Rv0730,822866,823594,+
Rv0731c,823683,824639,-
secY,824800,826125,+
adk,826122,826667,+
mapA,826670,827470,+
sigL,827543,828076,+
rslA,828140,828892,+
Rv0737,829207,829704,+
Rv0738,830062,830610,+
Rv0739,830855,831661,+
Rv0740,831776,832303,+
Rv0742,832981,833508,+
Rv0743c,833886,834443,-
Rv0744c,834440,834946,-
Rv0745,835154,835681,+
PE_PGRS9,835701,838052,+
PE_PGRS10,838451,840856,+
vapB31,840947,841204,+
vapC31,841228,841656,+
Rv0749A,841737,841874,-
Rv0750,842033,842278,+
mmsB,842347,843231,-
fadE9,843242,844414,-
mmsA,844421,845953,-
PE_PGRS11,846159,847913,+
PPE12,848103,850040,-
Rv0756c,850741,851466,-
phoP,851608,852351,+
phoR,852396,853853,+
Rv0759c,853825,854157,-
Rv0760c,854267,854686,-
adhB,854699,855826,-
Rv0762c,855925,856470,-
Rv0763c,856473,856679,-
cyp51,856682,858037,-
Rv0765c,858037,858864,-
cyp123,858864,860072,-
Rv0767c,860069,860710,-
aldA,860912,862381,+
Rv0769,862412,863158,+
Rv0770,863256,864143,+
Rv0771,864140,864574,+
purD,864586,865854,+
ggtA,865851,867389,-
Rv0774c,867440,868351,-
Rv0775,868407,869030,+
Rv0776c,868984,869763,-
purB,870008,871426,+
cyp126,871431,872675,+
Rv0779c,872672,873292,-
purC,873343,874236,+
emrB,876818,878440,-
Rv0784,878638,879324,+
Rv0785,879340,881040,+
Rv0786c,881075,881713,-
Rv0787,881459,882418,+
Rv0787A,882524,882763,+
purQ,882760,883434,+
Rv0789c,883451,884050,-
Rv0790c,884072,884800,-
Rv0791c,884797,885840,-
Rv0792c,885837,886646,-
Rv0793,886719,887024,+
Rv0794c,887137,888636,-
Rv0797,890388,891482,+
cfp29,891472,892269,-
Rv0799c,892266,893273,-
pepC,893318,894619,+
Rv0801,894631,894978,+
Rv0802c,894972,895628,-
purL,895820,898084,+
Rv0804,898081,898710,+
Rv0805,898831,899787,+
cpsY,899732,901330,-
Rv0807,901635,902024,+
purF,902111,903694,+
purM,903725,904819,+
Rv0810c,904905,905087,-
Rv0811c,905234,906340,-
Rv0812,906423,907292,+
Rv0813c,907338,908018,-
Rv0814c,908181,908483,-
cysA2,908485,909318,-
thiX,909611,910033,-
Rv0817c,910030,910842,-
Rv0818,910972,911739,+
mshD,911736,912683,+
phoT,912726,913502,+
phoY2,913558,914199,-
Rv0822c,914257,916311,-
Rv0823c,916477,917646,-
desA1,917734,918750,-
Rv0825c,918912,919553,-
Rv0826,919634,920689,+
kmtR,920741,921133,-
Rv0828c,921191,921613,-
Rv0830,921970,922875,+
Rv0831c,922894,923709,-
PE_PGRS12,924951,925364,+
PE_PGRS13,925361,927610,+
PE_PGRS14,927837,930485,-
lpqQ,930953,931597,+
Rv0836c,932279,932932,-
Rv0837c,933003,934031,-
lpqR,934720,935490,+
Rv0839,935577,936389,+
pip,936457,937317,-
Rv0841,937593,937835,+
Rv0842,938112,939404,+
Rv0843,939388,940392,+
narL,940456,941106,-
Rv0845,941190,942467,+
Rv0846c,942680,944194,-
lpqS,944343,944735,+
cysK2,944938,946056,+
Rv0849,946056,947315,+
Rv0851c,947641,948468,-
Rv0852,948757,949395,+
pdc,949436,951118,-
Rv0854,951183,951626,+
far,951632,952711,+
Rv0856,952825,953229,+
Rv0857,953257,953730,+
dapC,953727,954920,-
Rv0859,955077,956288,+
fadB,956293,958455,+
ercc3,958523,960151,-
Rv0862c,960342,962612,-
Rv0863,962599,962880,+
moaC2,962890,963393,+
mog,963390,963872,+
moaE2,963869,964294,+
rpfA,964312,965535,-
moaD2,965983,966261,-
moaA2,966265,967347,-
Rv0870c,967344,967733,-
cspB,967898,968305,+
PE_PGRS15,968424,970244,-
fadE10,970505,972457,+
Rv0874c,972546,973706,-
Rv0875c,973806,974294,-
Rv0876c,974291,975937,-
Rv0877,976075,976863,+
PPE13,976872,978203,-
Rv0879c,978481,978756,-
Rv0880,978934,979365,+
Rv0881,979362,980228,+
Rv0882,980225,980509,+
Rv0883c,980506,981267,-
serC,981424,982554,-
Rv0885,982762,983784,+
fprB,983803,985530,+
Rv0887c,985513,985971,-
Rv0888,987233,988705,+
citA,988740,989861,-
Rv0890c,989948,992596,-
Rv0891c,992598,993455,-
Rv0892,993853,995340,+
Rv0893c,995318,996295,-
Rv0894,996524,997705,+
Rv0895,997782,999299,+
gltA2,999472,1000767,+
Rv0897c,1000808,1002415,-
Rv0898c,1002441,1002704,-
arfA,1002812,1003792,+
arfB,1003805,1003957,+
arfC,1003957,1004484,+
prrB,1004501,1005841,-
prrA,1005852,1006562,-
accD3,1006693,1008180,-
echA6,1008207,1008938,+
Rv0906,1008944,1010062,+
Rv0907,1010136,1011734,+
ctpE,1011731,1014124,+
Rv0909,1014681,1014860,+
Rv0910,1014866,1015300,+
Rv0911,1015398,1016171,+
Rv0912,1016236,1016685,+
Rv0913c,1017217,1018725,-
Rv0914c,1018727,1019965,-
PPE14,1020058,1021329,-
PE7,1021344,1021643,-
betP,1022087,1023868,+
Rv0918,1024211,1024687,+
Rv0919,1024684,1025184,+
Rv0920c,1025497,1026816,-
Rv0921,1027104,1027685,+
Rv0922,1027685,1029337,+
Rv0923c,1029513,1030577,-
mntH,1030578,1031864,-
Rv0925c,1031896,1032633,-
Rv0926c,1032710,1033786,-
Rv0927c,1033840,1034631,-
pstS3,1034903,1036015,+
pstC2,1036028,1037002,+
pstA1,1036999,1037925,+
pknD,1037920,1039914,-
pstS2,1039936,1041048,-
pstB,1041264,1042094,+
pstS1,1042115,1043239,+
pstC1,1043299,1044315,+
pstA2,1044317,1045222,+
mku,1045199,1046020,-
ligD,1046136,1048415,+
Rv0939,1048412,1050346,+
Rv0940c,1050593,1051459,-
Rv0941c,1051544,1052317,-
Rv0942,1052360,1052638,+
Rv0943c,1052696,1053736,-
Rv0944,1053765,1054241,+
Rv0945,1054247,1055008,+
pgi,1055024,1056685,-
Rv0948c,1057646,1057963,-
uvrD1,1058260,1060575,+
Rv0950c,1060656,1061654,-
sucC,1061964,1063127,+
sucD,1063140,1064051,+
Rv0953c,1064114,1064962,-
Rv0954,1065127,1066038,+
Rv0955,1066078,1067445,+
purN,1067561,1068208,+
purH,1068205,1069776,+
Rv0958,1069883,1071262,+
Rv0959,1071255,1073273,+
vapB9,1073327,1073548,+
vapC9,1073545,1073928,+
Rv0961,1074074,1074421,+
lprP,1074440,1075114,-
Rv0963c,1075297,1076097,-
Rv0964c,1076196,1076678,-
Rv0965c,1076778,1077197,-
Rv0966c,1077233,1077835,-
csoR,1077975,1078334,+
Rv0968,1078391,1078687,+
ctpV,1078743,1081055,+
Rv0970,1081052,1081684,+
echA7,1081775,1082584,-
fadE12,1082584,1083750,-
accA2,1083747,1085750,-
accD2,1085756,1087345,-
fadE13,1087348,1088496,-
Rv0976c,1088493,1090175,-
PE_PGRS16,1090373,1093144,+
PE_PGRS17,1093361,1094356,-
Rv0979c,1094670,1094864,-
rpmF,1094886,1095059,+
PE_PGRS18,1095078,1096451,-
mprA,1096822,1097508,+
mprB,1097508,1099022,+
pepD,1099066,1100460,+
moaB2,1100460,1101005,+
mscL,1101025,1101480,-
Rv0986,1101803,1102549,+
Rv0987,1102542,1105109,+
Rv0988,1105116,1106276,+
grcC2,1106405,1107382,-
Rv0990c,1107443,1108099,-
Rv0991c,1108172,1108504,-
Rv0992c,1108578,1109171,-
galU,1109272,1110192,+
moeA1,1110269,1111549,+
rimJ,1111612,1112223,+
Rv0996,1112384,1113460,+
Rv0997a,1113861,1114112,+
Rv0997,1114293,1114724,+
Rv0998,1114748,1115749,+
Rv0999,1115767,1116525,+
Rv1000c,1116531,1117148,-
arcA,1117185,1118393,+
Rv1002c,1118428,1119939,-
Rv1003,1120022,1120879,+
Rv1004c,1120889,1122148,-
Rv1005c,1122222,1123598,-
Rv1006,1123714,1125417,+
metS,1125444,1127003,-
tatD,1127089,1127883,+
rpfB,1128091,1129179,+
ksgA,1129152,1130105,+
ispE,1130191,1131111,+
Rv1012,1131128,1131421,+
pks16,1131625,1133259,+
pth,1133333,1133908,-
rplY,1133921,1134568,-
lpqT,1134785,1135465,-
prsA,1135501,1136481,-
glmU,1136573,1138060,-
Rv1019,1138315,1138908,+
mfd,1138967,1142671,+
Rv1021,1142671,1143648,+
lpqU,1143736,1144467,+
eno,1144564,1145853,+
Rv1024,1145858,1146544,+
Rv1025,1146561,1147028,+
Rv1026,1147019,1147978,+
kdpE,1148427,1149107,-
kdpD,1149104,1151686,-
kdpF,1151920,1152012,+
kdpA,1152012,1153727,+
kdpB,1153724,1155853,+
kdpC,1155853,1156422,+
trcS,1156426,1157955,-
trcR,1157963,1158736,-
esxI,1160544,1160828,-
esxJ,1160855,1161151,-
PPE15,1161297,1162472,-
PE8,1162549,1163376,-
Rv1041c,1164572,1165435,-
Rv1042c,1165092,1165499,-
Rv1043c,1165781,1166806,-
Rv1044,1167053,1167676,+
Rv1045,1167673,1168554,+
Rv1047,1169423,1170670,+
Rv1048c,1171038,1172153,-
Rv1049,1172386,1172832,+
Rv1050,1172881,1173786,+
Rv1051c,1173945,1174700,-
Rv1052,1175723,1176112,+
Rv1056,1177628,1178392,+
Rv1057,1179396,1180577,+
fadD14,1180684,1182315,+
Rv1059,1182391,1183455,+
Rv1060,1183508,1183981,+
Rv1061,1184015,1184878,+
Rv1062,1184883,1185740,+
Rv1063c,1185741,1186823,-
lpqV,1186904,1187323,-
Rv1065,1187435,1188001,+
Rv1066,1187998,1188393,+
PE_PGRS19,1188421,1190424,-
PE_PGRS20,1190757,1192148,-
Rv1069c,1192510,1194273,-
echA8,1194270,1195043,-
echA9,1195055,1196092,-
Rv1072,1196279,1197115,+
Rv1073,1197231,1198082,+
fadA3,1198156,1199373,-
Rv1075c,1199426,1200370,-
lipU,1200767,1201660,+
cbs,1201717,1203111,+
Rv1078,1203313,1204035,+
metB,1204067,1205233,+
greA,1205304,1205798,-
Rv1081c,1205984,1206418,-
mca,1206520,1207386,+
Rv1083,1207383,1207649,+
Rv1084,1207636,1209657,+
Rv1085c,1209756,1210484,-
Rv1086,1210595,1211383,+
PE_PGRS21,1211560,1213863,+
PE9,1214513,1214947,+
Rv1088a,1215225,1215407,+
PE_PGRS22,1216469,1219030,+
coaA,1219248,1220186,-
glyA1,1220574,1221854,+
desA2,1221959,1222786,+
phoH2,1222997,1224298,+
Rv1096,1224385,1225260,+
Rv1097c,1225263,1226144,-
fum,1226141,1227565,-
glpX,1227596,1228684,-
Rv1100,1228683,1229384,+
Rv1101c,1229391,1230548,-
mazF3,1230660,1230971,-
mazE3,1230971,1231291,-
Rv1106c,1232844,1233956,-
xseB,1233966,1234223,-
xseA,1234213,1235460,-
Rv1109c,1235457,1236095,-
lytB2,1236185,1237192,+
Rv1111c,1237209,1238192,-
Rv1112,1238255,1239328,+
vapB32,1239416,1239613,+
vapC32,1239610,1239984,+
Rv1115,1240187,1240885,+
Rv1116,1241003,1241188,+
Rv1117,1241633,1241956,+
Rv1118c,1241971,1242831,-
Rv1119c,1242864,1243013,-
Rv1120c,1243010,1243504,-
zwf1,1243707,1245107,+
gnd2,1245129,1246151,+
bpoB,1246144,1247052,-
ephC,1247127,1248077,+
Rv1125,1248082,1249326,+
Rv1126c,1249330,1249935,-
ppdK,1249932,1251404,-
Rv1128c,1251617,1252972,-
Rv1129c,1253074,1254534,-
prpD,1254555,1256135,+
prpC,1256132,1257313,+
Rv1132,1257325,1259055,+
metE,1259067,1261346,-
Rv1134,1261922,1262158,+
PPE16,1262272,1264128,-
Rv1138a,1265034,1265438,+
Rv1138c,1265472,1266488,-
Rv1139c,1266485,1266985,-
Rv1140,1267347,1268195,+
echA11,1268203,1269009,-
echA10,1269152,1269958,-
mcr,1270062,1271144,+
Rv1144,1271156,1271908,+
Rv1145,1272423,1273334,+
Rv1146,1273355,1274767,+
Rv1147,1274900,1275550,+
Rv1148c,1276300,1277748,-
Rv1149,1277893,1278300,+
Rv1151c,1278904,1279617,-
Rv1152,1279655,1280020,+
omt,1279998,1280846,-
Rv1154c,1280843,1281484,-
Rv1155,1281429,1281872,+
Rv1155a,1282030,1282218,+
Rv1156,1282306,1282893,+
Rv1157c,1283056,1284171,-
Rv1158c,1284179,1284862,-
pimE,1284992,1286287,+
Rv1159A,1286284,1286568,-
mutT2,1286595,1287020,+
narG,1287328,1291026,+
narH,1291065,1292741,+
narJ,1292798,1293403,+
narI,1293406,1294146,+
typA,1294168,1296054,+
lpqW,1296152,1298059,+
Rv1167c,1298087,1298692,-
PPE17,1298764,1299804,-
lipX,1299822,1300124,-
mshB,1300304,1301215,+
Rv1171,1301307,1301747,+
PE12,1301755,1302681,-
fbiC,1302931,1305501,+
TB8.4,1305669,1306001,-
fadH,1306202,1308226,-
Rv1176c,1308223,1308792,-
fdxC,1309005,1309331,+
Rv1178,1309364,1310452,+
Rv1179c,1310480,1313299,-
pks3,1313725,1315191,+
pks4,1315234,1319982,+
papA3,1320035,1321453,+
mmpL10,1321520,1324528,+
Rv1184c,1324532,1325611,-
fadD21,1325776,1327512,-
Rv1186c,1327689,1329305,-
rocA,1329390,1331021,+
Rv1188,1331021,1332010,+
sigI,1332092,1332964,+
Rv1190,1332980,1333858,+
Rv1191,1333931,1334845,+
Rv1192,1334927,1335754,+
fadD36,1335794,1337215,+
Rv1194c,1337248,1338513,-
PE13,1339003,1339302,+
PPE18,1339349,1340524,+
esxK,1340659,1340955,+
esxL,1341006,1341290,+
Rv1199c,1341358,1342605,-
Rv1200,1342942,1344219,+
dapD,1344216,1345169,-
dapE,1345260,1346324,+
Rv1203c,1346321,1346905,-
Rv1204c,1346936,1348624,-
Rv1205,1348719,1349282,+
fadD6,1349332,1351125,+
folP2,1351191,1352147,+
gpgS,1352144,1353118,+
Rv1209,1353157,1353525,+
tagA,1353522,1354136,+
Rv1211,1354243,1354470,+
glgA,1354498,1355661,-
glgC,1355836,1357050,+
PE14,1357293,1357625,-
Rv1215c,1357759,1359444,-
Rv1216c,1359472,1360146,-
Rv1217c,1360155,1361801,-
Rv1218c,1361798,1362733,-
Rv1219c,1362723,1363361,-
Rv1220c,1363503,1364150,-
sigE,1364413,1365186,+
rseA,1365344,1365808,+
htrA,1365875,1367461,+
tatB,1367463,1367858,+
Rv1225c,1367891,1368721,-
Rv1226c,1368832,1370295,-
Rv1227c,1370292,1370825,-
lpqX,1370920,1371477,+
Rv1228a,1371529,1371702,+
mrp,1371777,1372949,-
Rv1230c,1372962,1374197,-
Rv1231c,1374322,1374864,-
Rv1232c,1374861,1376168,-
Rv1233c,1376230,1376826,-
Rv1234,1376976,1377503,+
lpqY,1377524,1378930,+
sugA,1378927,1379850,+
sugB,1379855,1380679,+
sugC,1380684,1381865,+
corA,1381942,1383042,-
mdh,1383213,1384202,+
vapB33,1384278,1384538,+
vapC33,1384535,1384966,+
PE_PGRS23,1384989,1386677,-
lpqZ,1386857,1387717,+
Rv1245c,1387798,1388628,-
relE,1388685,1388978,-
relB,1388975,1389244,-
Rv1248c,1389357,1393052,-
Rv1249c,1393194,1393982,-
Rv1250,1394179,1395918,+
Rv1251c,1395821,1399240,-
lprE,1399296,1399904,-
deaD,1399970,1401661,+
Rv1254,1401658,1402809,+
Rv1255c,1402778,1403386,-
cyp130,1403386,1404603,-
Rv1257c,1404717,1406084,-
Rv1258c,1406081,1407340,-
udgB,1407339,1408238,+
Rv1260,1408240,1409358,+
Rv1261c,1409484,1409933,-
Rv1262c,1409938,1410372,-
amiB2,1410431,1411819,+
Rv1264,1411894,1413087,+
Rv1265,1413260,1413940,+
pknH,1413960,1415840,-
embR,1416181,1417347,-
Rv1268c,1417658,1418356,-
Rv1269c,1418579,1418953,-
lprA,1419014,1419748,-
Rv1271c,1419961,1420302,-
Rv1272c,1420410,1422305,-
Rv1273c,1422302,1424050,-
lprB,1424197,1424754,+
lprC,1424751,1425293,+
Rv1276c,1425438,1425914,-
Rv1277,1426164,1427417,+
Rv1278,1427414,1430041,+
Rv1279,1430062,1431648,+
oppA,1431665,1433440,-
oppD,1433433,1435271,-
oppC,1435268,1436143,-
oppB,1436140,1437117,-
canA,1437324,1437815,+
cysD,1437909,1438907,+
Rv1286,1438907,1440751,+
Rv1287,1440805,1441290,+
Rv1288,1441348,1442718,+
Rv1289,1442767,1443399,+
Rv1290c,1443482,1445047,-
Rv1290A,1445058,1445372,+
Rv1291c,1445499,1445834,-
argS,1446379,1448031,+
lysA,1448028,1449371,+
thrA,1449375,1450700,+
thrC,1450697,1451779,+
thrB,1451997,1452947,+
rho,1453204,1455012,+
rpmE,1455163,1455405,+
prfA,1455495,1456568,+
hemK,1456565,1457542,+
Rv1301,1457558,1458211,+
rfe,1458295,1459509,+
Rv1303,1459766,1460251,+
atpB,1460244,1460996,+
atpE,1461045,1461290,+
atpF,1461321,1461836,+
atpH,1461843,1463183,+
atpA,1463228,1464877,+
atpG,1464884,1465801,+
atpD,1465841,1467301,+
atpC,1467315,1467680,+
Rv1312,1467688,1468131,+
Rv1313c,1468171,1469505,-
Rv1314c,1469671,1470252,-
murA,1470321,1471577,+
ogt,1477134,1477631,-
alkA,1477628,1479118,-
Rv1318c,1479199,1480824,-
Rv1319c,1480894,1482501,-
Rv1320c,1482514,1484217,-
Rv1321,1484279,1484959,+
Rv1322,1484982,1485278,+
Rv1322A,1485313,1485771,-
fadA4,1485862,1487031,+
Rv1324,1487161,1488075,+
PE_PGRS24,1488154,1489965,-
glgB,1490117,1492312,-
glgE,1492320,1494425,-
glgP,1494564,1497155,+
dinG,1497195,1499189,-
pncB1,1499213,1500559,-
Rv1331,1500661,1500966,+
Rv1332,1500926,1501582,+
Rv1333,1501599,1502633,+
mec,1502641,1503081,+
cysO,1503103,1503384,+
cysM,1503394,1504365,+
Rv1337,1504356,1505078,+
murI,1505075,1505890,+
Rv1339,1505917,1506738,+
rphA,1506755,1507534,+
Rv1341,1507573,1508187,+
Rv1342c,1508184,1508546,-
lprD,1508543,1508923,-
mbtL,1508968,1509288,+
mbtM,1509281,1510846,+
mbtN,1510846,1512006,+
mbtK,1511973,1512605,-
irtA,1513047,1515626,+
irtB,1515623,1517362,+
fabG2,1517491,1518234,+
Rv1351,1518231,1518560,+
Rv1352,1518763,1519134,+
Rv1353c,1519200,1519985,-
Rv1354c,1520005,1521876,-
moeY,1521885,1524032,-
Rv1356c,1524029,1524820,-
Rv1357c,1525293,1526216,-
Rv1358,1526612,1530091,+
Rv1359,1530173,1530925,+
Rv1360,1531348,1532370,+
PPE19,1532443,1533633,-
Rv1362c,1533948,1534610,-
Rv1363c,1534607,1535392,-
Rv1364c,1535683,1537644,-
rsfA,1537783,1538169,-
Rv1366,1538390,1539211,+
Rv1366A,1539180,1539440,+
Rv1367c,1539512,1540645,-
lprF,1541020,1541805,+
Rv1371,1543359,1544828,+
Rv1372,1544825,1546006,+
Rv1373,1546012,1546992,+
Rv1374c,1547072,1547530,-
Rv1375,1547832,1549151,+
Rv1376,1549148,1550641,+
Rv1377c,1550579,1551217,-
Rv1378c,1551228,1552655,-
pyrR,1552654,1553235,+
pyrB,1553232,1554191,+
pyrC,1554188,1555480,+
Rv1382,1555477,1555974,+
carA,1555971,1557101,+
carB,1557101,1560448,+
pyrF,1560445,1561269,+
PE15,1561464,1561772,+
PPE20,1561769,1563388,+
mihF,1563694,1564266,+
gmk,1564401,1565027,+
rpoZ,1565093,1565425,+
dfp,1565441,1566697,+
metK,1566825,1568036,+
Rv1393c,1568109,1569587,-
cyp132,1569584,1570969,-
Rv1395,1571047,1572081,+
PE_PGRS25,1572127,1573857,-
vapC10,1574112,1574513,-
vapB10,1574510,1574767,-
nlhH,1574850,1575809,-
lipI,1575834,1576796,-
Rv1401,1576930,1577532,+
priA,1577613,1579580,+
Rv1403c,1579598,1580422,-
Rv1404,1580591,1581073,+
Rv1405c,1581145,1581969,-
fmt,1582166,1583104,+
fmu,1583101,1584474,+
rpe,1584499,1585197,+
ribG,1585194,1586213,+
Rv1410c,1586210,1587766,-
lprG,1587772,1588482,-
ribC,1588567,1589172,+
Rv1413,1589386,1589901,+
Rv1414,1589891,1590292,+
ribA2,1590397,1591674,+
ribH,1591671,1592153,+
Rv1417,1592150,1592614,+
lprH,1592639,1593325,+
Rv1419,1593505,1593978,+
uvrC,1594042,1595982,+
Rv1421,1595979,1596884,+
Rv1422,1596881,1597909,+
whiA,1597906,1598883,+
Rv1424c,1598893,1599654,-
Rv1425,1599658,1601037,+
lipO,1601059,1602321,-
fadD12,1602321,1603928,-
Rv1428c,1603932,1604759,-
Rv1429,1604878,1606146,+
PE16,1606386,1607972,+
Rv1431,1608083,1609852,+
Rv1432,1609849,1611270,+
Rv1433,1611434,1612249,+
Rv1434,1612256,1612393,+
Rv1435c,1612342,1612950,-
gap,1613307,1614326,+
pgk,1614329,1615567,+
tpi,1615564,1616349,+
Rv1439c,1616961,1617386,-
secG,1617837,1618070,+
PE_PGRS26,1618209,1619684,-
bisC,1619791,1622091,+
Rv1443c,1622207,1622692,-
Rv1444c,1623287,1623697,-
devB,1623714,1624457,-
opcA,1624454,1625365,-
zwf2,1625418,1626962,-
tal,1626959,1628080,-
tkt,1628097,1630199,-
PE_PGRS27,1630638,1634627,-
Rv1451,1635029,1635955,+
PE_PGRS28,1636004,1638229,-
Rv1453,1638381,1639646,+
qor,1639674,1640660,-
Rv1455,1640680,1641543,+
Rv1456c,1641493,1642425,-
Rv1457c,1642537,1643322,-
Rv1458c,1643319,1644260,-
Rv1459c,1644363,1646138,-
Rv1460,1646186,1646992,+
Rv1461,1646989,1649529,+
Rv1462,1649526,1650719,+
Rv1463,1650716,1651516,+
csd,1651518,1652771,+
Rv1465,1652768,1653256,+
Rv1466,1653231,1653578,+
fadE15,1653673,1655502,-
PE_PGRS29,1655609,1656721,-
ctpD,1656963,1658936,+
trxA,1658980,1659354,+
trxB1,1659370,1659741,+
echA12,1659763,1660620,+
Rv1473,1660656,1662284,+
Rv1473A,1662381,1662572,+
Rv1474c,1662641,1663204,-
acn,1663215,1666046,-
Rv1476,1666204,1666764,+
ripA,1666990,1668408,+
Rv1478,1668419,1669144,+
moxR1,1669283,1670416,+
Rv1480,1670413,1671366,+
Rv1481,1671377,1672384,+
Rv1482c,1672457,1673299,-
fabG1,1673440,1674183,+
inhA,1674202,1675011,+
hemZ,1675017,1676051,+
Rv1486c,1676017,1676883,-
Rv1487,1676941,1677375,+
Rv1488,1677397,1678542,+
Rv1489,1678552,1678908,+
Rv1489A,1678942,1679172,+
Rv1490,1679322,1680629,+
Rv1491c,1681208,1681966,-
mutA,1682157,1684004,+
mutB,1684005,1686257,+
mazE4,1686271,1686573,+
mazF4,1686570,1686887,+
Rv1496,1686884,1687888,+
lipL,1687941,1689230,+
Rv1498c,1689303,1689920,-
Rv1498A,1690134,1690346,-
Rv1499,1690407,1690805,+
Rv1500,1690850,1691878,+
Rv1501,1691890,1692711,+
Rv1502,1692924,1693823,+
Rv1505c,1695281,1695946,-
Rv1506c,1695943,1696443,-
Rv1507c,1696727,1697422,-
Rv1507A,1697356,1697859,+
Rv1508c,1698095,1699894,-
Rv1508A,1699866,1700228,+
Rv1509,1700212,1701093,+
Rv1510,1701295,1702593,+
gmdA,1703074,1704096,+
epiA,1704093,1705061,+
Rv1513,1705058,1705789,+
Rv1514c,1705807,1706595,-
Rv1515c,1706630,1707526,-
Rv1516c,1707529,1708539,-
Rv1517,1708871,1709635,+
Rv1518,1709644,1710603,+
Rv1519,1710733,1711002,+
Rv1520,1711028,1712068,+
fadD25,1712302,1714053,+
mmpL12,1714172,1717612,-
Rv1523,1717653,1718696,+
Rv1524,1718726,1719970,+
wbbL2,1720017,1720802,+
Rv1526c,1720780,1722060,-
pks5,1722083,1728409,-
papA4,1728953,1729450,-
fadD24,1729502,1731256,+
adh,1731373,1732476,+
Rv1531,1732473,1733039,+
Rv1532c,1733116,1733550,-
Rv1533,1733610,1734737,+
Rv1534,1734734,1735411,+
Rv1535,1735976,1736212,+
ileS,1736519,1739644,+
dinX,1739856,1741247,+
ansA,1741212,1742192,-
lspA,1742244,1742852,+
Rv1540,1742845,1743771,+
lprI,1743778,1744371,-
glbN,1744426,1744836,-
Rv1543,1745064,1746089,+
Rv1544,1746094,1746897,+
Rv1545,1746919,1747146,+
Rv1546,1747195,1747626,+
dnaE1,1747694,1751248,+
PPE21,1751297,1753333,-
fadD11,1753716,1755431,+
plsB1,1755445,1757310,+
frdA,1757681,1759432,+
frdB,1759435,1760178,+
frdC,1760175,1760555,+
frdD,1760552,1760929,+
Rv1556,1760997,1761605,+
mmpL6,1761744,1762937,+
Rv1558,1762947,1763393,+
ilvA,1763428,1764717,+
vapB11,1764755,1764973,+
vapC11,1764979,1765383,+
treZ,1765400,1767142,-
treY,1767135,1769432,-
treX,1769436,1771601,-
Rv1565c,1771640,1773829,-
Rv1566c,1773928,1774620,-
Rv1567c,1774860,1775144,-
bioA,1775392,1776705,+
bioF1,1776702,1777862,+
bioD,1777859,1778539,+
Rv1571,1778539,1779048,+
Rv1573,1779314,1779724,+
Rv1574,1779930,1780241,+
Rv1575,1780199,1780699,+
Rv1576c,1780643,1782064,-
Rv1577c,1782072,1782584,-
Rv1578c,1782758,1783228,-
Rv1579c,1783309,1783623,-
Rv1580c,1783620,1783892,-
Rv1581c,1783906,1784301,-
Rv1582c,1784497,1785912,-
Rv1583c,1785912,1786310,-
Rv1584c,1786307,1786528,-
Rv1585c,1786584,1787099,-
Rv1586c,1787096,1788505,-
Rv1587c,1788162,1789163,-
Rv1588c,1789168,1789836,-
bioB,1790284,1791333,+
Rv1590,1791334,1791573,+
Rv1591,1791570,1792235,+
Rv1592c,1792400,1793740,-
Rv1593c,1793997,1794707,-
nadA,1794756,1795805,+
nadB,1795805,1797388,+
nadC,1797388,1798245,+
Rv1597,1798294,1799052,+
Rv1598c,1799073,1799483,-
hisD,1799583,1800899,+
hisC1,1800896,1802038,+
hisB,1802035,1802667,+
hisH,1802664,1803284,+
hisA,1803294,1804031,+
impA,1804039,1804851,+
hisF,1804853,1805656,+
hisI,1805653,1806000,+
chaA,1806181,1807263,+
bcpB,1807298,1807762,-
trpE,1807903,1809453,+
Rv1610,1809443,1810150,+
trpC,1810240,1811058,+
trpB,1811127,1812359,+
trpA,1812359,1813171,+
lgt,1813171,1814577,+
Rv1615,1815253,1815693,+
Rv1616,1815683,1816081,+
pykA,1816189,1817607,+
tesB1,1817615,1818517,+
Rv1619,1818575,1820029,+
cydC,1819963,1821693,-
cydD,1821690,1823273,-
cydB,1823360,1824400,-
cydA,1824430,1825887,-
Rv1624c,1825998,1826585,-
cya,1826614,1827945,-
Rv1626,1828180,1828797,+
Rv1627c,1828865,1830073,-
Rv1628c,1830070,1830561,-
polA,1830665,1833379,+
rpsA,1833542,1834987,+
coaE,1835013,1836236,+
Rv1632c,1836387,1836830,-
uvrB,1837075,1839171,+
Rv1634,1839168,1840583,+
Rv1635c,1840572,1842242,-
TB15.3,1842451,1842891,+
Rv1637c,1842898,1843692,-
uvrA,1843741,1846659,+
Rv1638A,1846716,1846973,-
Rv1639c,1846989,1848458,-
lysX,1848517,1852035,-
infC,1852273,1852878,+
rpmI,1852928,1853122,+
rplT,1853184,1853573,+
tsnR,1853606,1854388,+
Rv1645c,1854399,1855454,-
PE17,1855764,1856696,+
Rv1647,1856774,1857724,+
Rv1648,1857731,1858537,+
pheS,1858733,1859758,+
pheT,1859758,1862253,+
PE_PGRS30,1862347,1865382,-
argC,1865576,1866634,+
argJ,1866631,1867845,+
argB,1867842,1868726,+
argD,1868723,1869925,+
argF,1869922,1870845,+
argR,1870842,1871354,+
argG,1871363,1872559,+
argH,1872639,1874051,+
pks10,1874160,1875221,+
pks7,1875304,1881684,+
pks8,1881704,1886512,+
pks17,1886512,1888020,+
pks9,1888026,1891079,+
pks11,1891226,1892287,+
cyp139,1892270,1893562,-
Rv1669,1895725,1896087,+
Rv1670,1896120,1896467,+
Rv1671,1896475,1896867,+
Rv1672c,1896876,1898207,-
Rv1673c,1898300,1899232,-
Rv1674c,1899260,1899916,-
cmr,1900241,1900975,-
Rv1676,1901047,1901751,+
dsbF,1901748,1902296,+
Rv1678,1902397,1903299,+
fadE16,1903299,1904420,+
Rv1680,1904429,1905253,+
moeX,1905250,1906242,+
Rv1682,1906403,1907320,+
Rv1683,1907594,1910593,+
Rv1684,1910586,1910810,+
Rv1685c,1910776,1911399,-
Rv1686c,1911401,1912081,-
Rv1687c,1912153,1912920,-
mpg,1912979,1913590,+
tyrS,1913602,1914876,+
lprJ,1915527,1915910,+
Rv1691,1915949,1916701,+
Rv1692,1916698,1917759,+
Rv1693,1917756,1917932,+
tlyA,1917940,1918746,+
ppnK,1918746,1919669,+
recN,1919683,1921446,+
Rv1697,1921542,1922723,+
mctB,1922745,1923689,+
pyrG,1923829,1925589,+
Rv1700,1925582,1926205,+
Rv1701,1926202,1927137,+
Rv1702c,1927211,1928575,-
Rv1703c,1929131,1929880,-
cycA,1929786,1931456,-
PPE22,1931497,1932654,-
PPE23,1932694,1933878,-
Rv1706A,1934482,1934649,-
Rv1707,1934882,1936342,+
Rv1708,1936360,1937316,+
scpA,1937313,1938149,+
scpB,1938146,1938841,+
Rv1711,1938838,1939602,+
cmk,1939599,1940291,+
engA,1940288,1941679,+
Rv1714,1941853,1942665,+
fadB3,1942659,1943573,+
Rv1716,1943576,1944406,+
Rv1717,1944406,1944756,+
Rv1718,1944809,1945627,+
Rv1719,1945641,1946420,+
vapC12,1947030,1947419,-
vapB12,1947416,1947643,-
Rv1722,1947861,1949345,+
Rv1723,1949342,1950589,+
Rv1724c,1950632,1951051,-
Rv1725c,1951041,1951751,-
Rv1726,1951852,1953237,+
Rv1727,1953270,1953839,+
Rv1728c,1953864,1954634,-
Rv1729c,1954631,1955569,-
Rv1730c,1955692,1957245,-
gabD2,1957677,1959233,+
Rv1732c,1959243,1959791,-
Rv1733c,1959855,1960487,-
Rv1734c,1960774,1961016,-
Rv1735c,1961291,1961788,-
Rv1735a,1961887,1962129,-
narX,1962228,1964186,-
narK2,1964183,1965370,-
Rv1738,1965657,1965941,+
Rv1739c,1965955,1967637,-
vapB34,1967705,1967917,+
vapC34,1967917,1968165,+
Rv1742,1968173,1968910,+
pknE,1969004,1970704,+
Rv1744c,1970989,1971390,-
idi,1971380,1971991,-
pknF,1972138,1973568,+
Rv1747,1973630,1976227,+
Rv1748,1976600,1977331,+
Rv1749c,1977328,1977885,-
fadD1,1977969,1979567,-
Rv1751,1979621,1981003,+
Rv1752,1981130,1981579,+
PPE24,1981614,1984775,-
Rv1754c,1984979,1986670,-
cut1,1989042,1989566,+
wag22,1989833,1992577,-
Rv1760,1993153,1994661,+
Rv1761c,1994671,1995054,-
Rv1762c,1995054,1995842,-
Rv1765c,1997418,1998515,-
Rv1766,1999737,2000006,+
Rv1767,2000074,2000433,+
PE_PGRS31,2000614,2002470,+
Rv1769,2002626,2003870,+
Rv1770,2003878,2005164,+
Rv1771,2005161,2006447,+
Rv1772,2006636,2006947,+
Rv1773c,2007020,2007766,-
Rv1774,2007832,2009172,+
Rv1775,2009172,2009990,+
Rv1776c,2009995,2010555,-
cyp144,2010656,2011960,+
Rv1778c,2012081,2012530,-
Rv1779c,2012686,2014479,-
Rv1780,2014699,2015262,+
malQ,2015302,2017476,-
eccB5,2017740,2019260,+
eccC5,2019257,2023432,+
cyp143,2023447,2024628,-
Rv1786,2024828,2025031,+
PPE25,2025301,2026398,+
PE18,2026477,2026776,+
PPE26,2026790,2027971,+
PPE27,2028425,2029477,+
PE19,2029904,2030203,+
esxN,2030694,2030978,+
Rv1794,2031066,2031968,+
eccD5,2032240,2033751,+
mycP5,2033729,2035486,+
eccE5,2035483,2036703,+
eccA5,2036700,2038532,+
lppT,2039159,2039350,+
PPE28,2039453,2041420,+
PPE29,2042001,2043272,+
PPE30,2043384,2044775,+
PE_PGRS32,2044923,2046842,-
Rv1804c,2047023,2047349,-
Rv1805c,2047687,2048034,-
PE20,2048072,2048371,+
PPE32,2049921,2051150,+
PPE33,2051282,2052688,+
Rv1810,2052933,2053289,+
mgtC,2053443,2054147,+
Rv1812c,2054157,2055359,-
Rv1813c,2055681,2056112,-
erg3,2056521,2057423,+
Rv1815,2057528,2058193,+
Rv1816,2058256,2058960,+
Rv1817,2059595,2061058,+
PE_PGRS33,2061178,2062674,-
bacA,2062809,2064728,-
ilvG,2064799,2066442,+
secA2,2066457,2068883,+
pgsA2,2069080,2069709,+
Rv1823,2069702,2070625,+
Rv1824,2070654,2071019,+
Rv1825,2071036,2071914,+
gcvH,2071952,2072356,+
garA,2072596,2073084,+
Rv1828,2073081,2073824,+
Rv1829,2073943,2074437,+
Rv1830,2074841,2075518,+
Rv1831,2075571,2075828,+
gcvB,2075877,2078702,+
Rv1833c,2078929,2079789,-
lipZ,2079830,2080696,+
Rv1835c,2080701,2082587,-
Rv1836c,2082603,2084636,-
glcB,2084756,2086981,-
vapC13,2087257,2087652,-
vapB13,2087649,2087912,-
PE_PGRS34,2087971,2089518,-
Rv1841c,2089681,2090718,-
Rv1842c,2090718,2092085,-
guaB1,2092259,2093698,-
gnd1,2093731,2095188,-
blaR,2095218,2096168,-
blaI,2096183,2096599,-
Rv1847,2096877,2097299,+
ureA,2097348,2097650,+
ureB,2097647,2097961,+
ureC,2097961,2099694,+
ureF,2099694,2100329,+
ureG,2100340,2101014,+
ureD,2101022,2101648,+
ndh,2101651,2103042,-
Rv1855c,2103184,2104107,-
Rv1856c,2104146,2104823,-
modA,2104985,2105770,+
modB,2105773,2106567,+
modC,2106574,2107683,+
apa,2107736,2108713,+
Rv1861,2109165,2109470,+
adhA,2109544,2110584,+
Rv1863c,2110591,2111361,-
Rv1864c,2111354,2112109,-
Rv1865c,2112106,2112966,-
Rv1866,2113140,2115476,+
Rv1867,2115764,2117248,+
Rv1868,2117347,2119446,+
Rv1869c,2119460,2120695,-
Rv1870c,2120795,2121430,-
Rv1871c,2121495,2121884,-
lldD2,2121907,2123151,-
Rv1873,2123174,2123611,+
Rv1874,2123684,2124370,+
Rv1875,2124381,2124824,+
bfrA,2125340,2125819,+
Rv1877,2125904,2127967,+
glnA3,2128022,2129374,+
Rv1879,2129377,2130513,+
cyp140,2130541,2131857,-
lppE,2131907,2132329,-
Rv1882c,2132370,2133203,-
Rv1883c,2133231,2133692,-
rpfC,2133731,2134261,-
Rv1885c,2134273,2134872,-
fbpB,2134890,2135867,-
Rv1887,2136258,2137400,+
Rv1890c,2139076,2139687,-
Rv1891,2139741,2140148,+
Rv1892,2140165,2140476,+
Rv1893,2140486,2140704,+
Rv1894c,2140739,2141869,-
Rv1895,2142521,2143675,+
Rv1896c,2143535,2144446,-
Rv1897c,2144451,2144882,-
Rv1898,2144940,2145248,+
lppD,2145214,2146245,-
lipJ,2146245,2147633,-
cinA,2147662,2148954,+
nanT,2149006,2150274,-
Rv1903,2150364,2150768,+
Rv1904,2150954,2151385,+
aao,2151433,2152395,-
Rv1906c,2152425,2152895,-
Rv1907c,2153235,2153882,-
katG,2153889,2156111,-
furA,2156149,2156592,-
Rv1910c,2156706,2157299,-
lppC,2157382,2157987,-
fadB5,2158087,2159091,-
Rv1913,2159191,2159943,+
Rv1914c,2159921,2160328,-
aceAa,2160463,2161566,+
aceAb,2161566,2162762,+
PPE34,2162932,2167311,-
PPE35,2167649,2170612,-
Rv1919c,2171061,2171525,-
Rv1920,2171623,2172486,+
lppF,2172524,2173795,-
Rv1922,2174067,2175182,+
lipD,2175173,2176513,+
Rv1924c,2176550,2176930,-
fadD31,2177087,2178949,+
mpt63,2178957,2179436,-
Rv1927,2179673,2180446,+
Rv1928c,2180450,2181217,-
Rv1929c,2181262,2181906,-
Rv1930c,2181918,2182442,-
Rv1931c,2182460,2183239,-
tpx,2183372,2183869,+
fadE18,2183866,2184957,-
fadE17,2184959,2186188,-
echA13,2186203,2187159,-
Rv1936,2187384,2188493,+
Rv1937,2188496,2191015,+
ephB,2191027,2192097,+
Rv1939,2192094,2192609,+
ribA1,2192606,2193667,+
Rv1941,2193664,2194434,+
mazF5,2194644,2194973,-
mazE5,2194970,2195347,-
Rv1944c,2195344,2195934,-
Rv1945,2195989,2197353,+
lppG,2197508,2197960,-
Rv1947,2198024,2198425,+
Rv1948c,2198714,2199064,-
Rv1950c,2199998,2200189,-
Rv1951c,2200190,2200486,-
vapB14,2200726,2200941,+
vapC14,2200938,2201249,+
Rv1954c,2201223,2201744,-
higB,2201719,2202096,+
higA,2202138,2202587,+
Rv1957,2202584,2203129,+
Rv1958c,2203018,2203632,-
parE1,2203681,2203977,-
parD1,2203974,2204225,-
Rv1961,2204212,2204706,+
vapC35,2204866,2205273,-
vapB35,2205277,2205549,-
mce3R,2205582,2206802,-
yrbE3A,2207700,2208497,+
yrbE3B,2208507,2209322,+
mce3A,2209327,2210604,+
mce3B,2210601,2211629,+
mce3C,2211626,2212858,+
mce3D,2212855,2214126,+
lprM,2214123,2215256,+
mce3F,2215257,2216570,+
Rv1972,2216592,2217167,+
Rv1973,2217164,2217646,+
Rv1974,2217659,2218036,+
Rv1975,2218052,2218717,+
Rv1976c,2218844,2219251,-
Rv1977,2219754,2220800,+
Rv1978,2220908,2221756,+
Rv1979c,2221719,2223164,-
mpt64,2223343,2224029,-
nrdF1,2224220,2225188,-
vapC36,2225413,2225832,-
vapB36,2225841,2226101,-
PE_PGRS35,2226244,2227920,+
cfp21,2227908,2228561,-
RV1984a,2228676,2228906,+
Rv1985c,2228991,2229902,-
Rv1986,2230011,2230610,+
Rv1987,2231026,2231454,+
erm(37),2231680,2232219,+
Rv1989c,2232739,2233299,-
Rv1990c,2233296,2233637,-
mazF6,2234305,2234649,-
mazE6,2234643,2234891,-
ctpG,2234991,2237306,-
Rv1993c,2237303,2237575,-
cmtR,2237628,2237984,-
Rv1995,2238141,2238908,+
Rv1996,2239004,2239957,+
ctpF,2240159,2242876,+
Rv1998c,2242945,2243721,-
Rv1999c,2243816,2245138,-
Rv2000,2245209,2246822,+
Rv2001,2246832,2247584,+
fabG3,2247660,2248442,+
Rv2003c,2248563,2249420,-
Rv2004c,2249478,2250974,-
Rv2005c,2250996,2251883,-
otsB1,2252002,2255985,+
fdxA,2256084,2256428,-
Rv2008c,2256617,2257942,-
vapB15,2258030,2258272,+
vapC15,2258273,2258671,+
Rv2011c,2258854,2259285,-
Rv2012,2259326,2259820,+
Rv2015c,2261816,2263072,-
Rv2016,2263426,2264001,+
Rv2017,2263998,2265038,+
Rv2018,2265280,2265999,+
Rv2019,2265989,2266405,+
Rv2021c,2266805,2267110,-
Rv2022c,2267119,2267724,-
Rv2023c,2267749,2268108,-
Rv2024c,2268693,2270240,-
Rv2025c,2270750,2271748,-
Rv2026c,2271863,2272747,-
dosT,2272787,2274508,-
Rv2028c,2274569,2275408,-
pfkB,2275405,2276424,-
Rv2030c,2276441,2278486,-
hspX,2278498,2278932,-
acg,2279129,2280124,+
Rv2033c,2280240,2281082,-
Rv2034,2281294,2281617,+
Rv2035,2281614,2282102,+
Rv2036,2282099,2282740,+
Rv2037c,2282747,2283721,-
Rv2038c,2283723,2284796,-
Rv2039c,2284799,2285641,-
Rv2040c,2285628,2286530,-
Rv2041c,2286527,2287846,-
Rv2042c,2287884,2288681,-
pncA,2288681,2289241,-
Rv2044c,2289282,2289599,-
lipT,2289685,2291220,-
lppI,2291269,2291925,+
Rv2047c,2291962,2294526,-
pks12,2294531,2306986,-
Rv2049c,2307293,2307517,-
Rv2050,2307821,2308156,+
ppm1,2308131,2310755,-
Rv2052c,2310913,2312517,-
fxsA,2312522,2313049,-
Rv2054,2313125,2313838,+
rpsR2,2314087,2314353,-
rpsN2,2314354,2314659,-
rpmG1,2314661,2314825,-
rpmB2,2314825,2315061,-
Rv2059,2315174,2316709,+
Rv2060,2316279,2316680,+
Rv2061c,2316681,2317085,-
cobN,2317169,2320753,-
mazE7,2320831,2321064,+
mazF7,2321057,2321467,+
cobG,2321451,2322542,+
cobH,2322552,2323178,+
cobIJ,2323175,2324701,+
Rv2067c,2324647,2325870,-
blaC,2325886,2326809,-
sigC,2326944,2327501,+
cobK,2327491,2328225,-
cobM,2328222,2328977,-
cobL,2328974,2330146,-
Rv2073c,2330214,2330963,-
Rv2074,2330993,2331406,+
Rv2075c,2331416,2332879,-
Rv2076c,2333037,2333288,-
Rv2077c,2333323,2334294,-
Rv2077A,2334295,2334594,-
Rv2078,2335059,2335373,+
Rv2079,2335355,2337325,+
lppJ,2337306,2337869,+
Rv2081c,2338065,2338505,-
Rv2082,2338709,2340874,+
Rv2083,2340871,2341815,+
Rv2084,2341808,2342944,+
Rv2085,2343027,2343332,+
Rv2086,2343311,2343916,+
pknJ,2344411,2346180,+
pepE,2346197,2347324,-
Rv2090,2347373,2348554,+
Rv2091c,2348558,2349292,-
helY,2349334,2352054,-
tatC,2352103,2353029,-
tatA,2353046,2353297,-
pafC,2353365,2354315,-
pafB,2354312,2355310,-
pafA,2355319,2356677,-
Rv2100,2358389,2360041,+
helZ,2360240,2363281,+
Rv2102,2363391,2364107,+
vapC37,2364086,2364520,-
vapB37,2364527,2364781,-
Rv2104a,2364797,2365054,-
PE22,2367359,2367655,+
PPE36,2367711,2368442,+
prcA,2368983,2369729,-
prcB,2369726,2370601,-
pup,2370598,2370792,-
dop,2370905,2372569,-
Rv2113,2372630,2373823,+
Rv2114,2373834,2374457,+
mpa,2374461,2376290,-
lppK,2376571,2377140,+
Rv2117,2377148,2377441,+
Rv2118c,2377470,2378312,-
Rv2119,2378386,2379222,+
Rv2120c,2379245,2379727,-
hisG,2379806,2380660,-
hisE,2380663,2380944,-
PPE37,2381071,2382492,+
metH,2382489,2386067,-
Rv2125,2386293,2387171,+
PE_PGRS37,2387202,2387972,-
ansP1,2388616,2390085,+
Rv2128,2390085,2390288,+
Rv2129c,2390308,2391189,-
mshC,2391215,2392459,-
cysQ,2392517,2393320,-
Rv2132,2393411,2393641,+
Rv2133c,2393851,2394639,-
Rv2134c,2394650,2395237,-
Rv2135c,2395301,2396011,-
Rv2136c,2396008,2396838,-
Rv2137c,2396902,2397315,-
lppL,2397330,2398406,+
pyrD,2398720,2399793,+
TB18.6,2399798,2400328,-
Rv2141c,2400376,2401722,-
parE2,2402193,2402510,-
parD2,2402507,2402722,-
Rv2143,2402977,2404035,+
Rv2144c,2404165,2404521,-
wag31,2404616,2405398,-
Rv2146c,2405666,2405956,-
Rv2147c,2406118,2406843,-
Rv2148c,2406840,2407616,-
yfiH,2407622,2408374,-
ftsZ,2408385,2409524,-
ftsQ,2409697,2410641,-
murC,2410638,2412122,-
murG,2412119,2413351,-
ftsW,2413348,2414922,-
murD,2414934,2416394,-
murX,2416396,2417475,-
murF,2417472,2419004,-
murE,2419001,2420608,-
Rv2159c,2420631,2421665,-
Rv2161c,2422271,2423137,-
PE_PGRS38,2423240,2424838,-
pbpB,2425048,2427087,-
Rv2164c,2427084,2428238,-
Rv2165c,2428235,2429425,-
Rv2166c,2429427,2429858,-
Rv2169c,2431565,2431969,-
Rv2170,2432235,2432855,+
lppM,2432951,2433634,+
Rv2172c,2433631,2434536,-
idsA2,2434847,2435905,+
mptA,2435909,2437459,+
Rv2175c,2437446,2437886,-
pknL,2437941,2439140,+
Rv2177c,2439282,2439947,-
aroG,2440332,2441720,-
Rv2179c,2441811,2442317,-
Rv2180c,2442327,2443214,-
Rv2181,2443302,2444585,+
Rv2182c,2444586,2445329,-
Rv2183c,2445415,2445810,-
Rv2184c,2445807,2446946,-
TB16.3,2447066,2447500,-
Rv2186c,2447605,2447994,-
fadD15,2448160,2449962,+
pimB,2449993,2451150,-
Rv2189c,2451247,2452020,-
Rv2190c,2452115,2453272,-
Rv2191,2453819,2455756,+
trpD,2455631,2456743,-
ctaE,2456901,2457512,+
qcrC,2457553,2458395,+
qcrA,2458392,2459681,+
qcrB,2459678,2461327,+
Rv2197c,2461504,2462148,-
mmpS3,2462148,2463047,-
Rv2199c,2463233,2463652,-
ctaC,2463660,2464751,-
asnB,2464997,2466955,+
adoK,2467053,2468027,-
Rv2203,2468231,2468923,+
Rv2204c,2468931,2469287,-
Rv2205c,2469387,2470463,-
Rv2206,2470622,2471332,+
cobT,2471411,2472496,+
cobS,2472493,2473242,+
Rv2209,2473400,2474938,+
ilvE,2474864,2475970,-
gcvT,2476042,2477181,-
Rv2212,2477190,2478326,+
pepB,2478338,2479885,+
ephD,2479923,2481701,-
dlaT,2481965,2483626,+
Rv2216,2483626,2484531,+
lipB,2484584,2485276,+
lipA,2485273,2486208,+
Rv2219,2486235,2486987,+
Rv2219A,2486994,2487416,-
glnA1,2487615,2489051,+
glnE,2489369,2492353,-
glnA2,2492402,2493742,-
Rv2223c,2493837,2495399,-
caeA,2495461,2497023,-
Rv2224d,2497225,2497446,-
panB,2497742,2498587,+
Rv2226,2498832,2500373,+
Rv2227,2500931,2501632,+
Rv2228c,2501644,2502738,-
Rv2229c,2502735,2503472,-
Rv2230c,2503469,2504608,-
cobC,2504605,2505699,-
vapC16,2505736,2506161,-
vapB16,2506207,2506383,-
ptkA,2506278,2507153,+
ptpA,2507146,2507637,+
Rv2235,2507637,2508452,+
cobD,2508434,2509375,-
Rv2237,2509489,2510256,+
Rv2237A,2510351,2510587,-
ahpE,2510715,2511176,-
Rv2239c,2511176,2511652,-
Rv2240c,2511690,2512280,-
aceE,2512539,2515244,+
Rv2242,2515304,2516548,+
fabD,2516787,2517695,+
acpM,2517771,2518118,+
kasA,2518115,2519365,+
kasB,2519396,2520712,+
accD6,2520743,2522164,+
Rv2248,2522360,2523175,+
glpD1,2523241,2524791,-
Rv2250c,2524785,2525354,-
Rv2251,2525565,2526992,+
Rv2252,2526989,2527918,+
Rv2253,2527984,2528487,+
Rv2254c,2528520,2528975,-
Rv2256a,2528980,2529174,-
Rv2256c,2529341,2529874,-
Rv2257c,2530004,2530822,-
Rv2258c,2530836,2531897,-
mscR,2532245,2533330,+
Rv2260,2533330,2533965,+
Rv2263,2535641,2536594,+
Rv2264c,2536572,2538350,-
Rv2265,2538700,2539929,+
cyp124,2540104,2541390,+
Rv2267c,2541644,2542810,-
cyp128,2542807,2544276,-
Rv2269c,2544289,2544621,-
lppN,2544698,2545225,+
Rv2271,2545332,2545631,+
Rv2272,2545737,2546105,+
Rv2273,2546102,2546431,+
mazF8,2546488,2546805,-
mazE8,2546839,2547087,-
Rv2275,2546883,2547752,+
cyp121,2547749,2548939,+
Rv2277c,2549124,2550029,-
pitB,2553173,2554831,+
Rv2282c,2554938,2555876,-
Rv2283,2555941,2556135,+
lipM,2556145,2557440,+
Rv2285,2557473,2558810,+
Rv2286c,2558877,2559569,-
yjcE,2559703,2561331,+
Rv2288,2561328,2561705,+
cdh,2561675,2562457,+
lppO,2562599,2563114,+
sseB,2563174,2564028,+
Rv2292c,2564029,2564253,-
Rv2293c,2564292,2565032,-
Rv2294,2565327,2566550,+
Rv2295,2566772,2567410,+
Rv2296,2567504,2568406,+
Rv2297,2568438,2568890,+
Rv2298,2569082,2570053,+
htpG,2570059,2572002,-
Rv2300c,2572076,2573008,-
cut2,2573015,2573707,+
Rv2302,2573813,2574055,+
Rv2303c,2574096,2575019,-
Rv2304c,2575016,2575225,-
Rv2305,2575809,2577098,+
Rv2307c,2577851,2578696,-
Rv2307A,2579228,2579419,-
Rv2307B,2579504,2579935,-
Rv2307D,2580028,2580210,-
Rv2308,2580419,2581135,+
Rv2308a,2581145,2581477,+
Rv2309A,2583045,2583332,+
Rv2310,2583435,2583779,+
Rv2311,2583884,2584408,+
Rv2312,2584486,2584755,+
Rv2313c,2585052,2585906,-
Rv2314c,2585917,2587290,-
Rv2315c,2587287,2588804,-
uspA,2588838,2589710,+
uspB,2589697,2590521,+
uspC,2590518,2591840,+
Rv2319c,2591848,2592726,-
rocE,2592723,2594153,-
Rv2323c,2595361,2596269,-
Rv2324,2596334,2596780,+
Rv2325c,2597009,2597857,-
Rv2326c,2597854,2599947,-
Rv2327,2599988,2600479,+
PE23,2600731,2601879,+
narK1,2601914,2603461,-
lppP,2603695,2604222,-
Rv2331,2604297,2604683,+
Rv2331A,2604740,2605078,+
mez,2605108,2606754,+
stp,2606708,2608321,-
cysK1,2608796,2609728,+
cysE,2609732,2610421,+
Rv2336,2610837,2611805,+
Rv2337c,2611869,2612987,-
moeW,2613107,2614063,-
mmpL9,2614693,2617581,+
PE_PGRS39,2617667,2618908,-
lppQ,2619597,2620016,+
Rv2342,2620272,2620529,+
dnaG,2620533,2622452,-
dgt,2622457,2623752,-
Rv2345,2623821,2625803,+
esxO,2625888,2626172,-
esxP,2626223,2626519,-
Rv2348c,2626654,2626980,-
plcC,2627172,2628698,-
plcB,2628781,2630319,-
plcA,2630537,2632075,-
PPE38,2632923,2634098,-
PPE39,2634528,2635592,-
glyS,2639673,2641064,-
smtB,2641246,2641653,+
zur,2641650,2642042,+
Rv2360c,2642150,2642578,-
Rv2361c,2642578,2643468,-
recO,2643461,2644258,-
amiA2,2644320,2645774,+
era,2645771,2646673,-
Rv2365c,2646747,2647088,-
Rv2366c,2647060,2648367,-
Rv2367c,2648364,2648912,-
phoH1,2648916,2649974,-
Rv2369c,2649946,2650248,-
Rv2370c,2650245,2651558,-
PE_PGRS40,2651753,2651938,+
Rv2372c,2652037,2652825,-
dnaJ2,2652839,2653987,-
hrcA,2654062,2655093,-
Rv2375,2655265,2655582,+
cfp2,2655609,2656115,-
Rv2377c,2656215,2656430,-
mbtG,2656408,2657703,-
mbtF,2657700,2662085,-
mbtE,2662067,2667115,-
mbtD,2667255,2670269,-
mbtC,2670269,2671603,-
mbtB,2671593,2675837,-
mbtA,2675936,2677633,+
mbtJ,2677729,2678649,+
mbtI,2678653,2680005,-
Rv2386a,2680458,2680667,+
Rv2387,2680765,2682018,+
hemN,2682015,2683142,-
rpfD,2683248,2683712,-
Rv2390c,2683709,2684266,-
sirA,2684679,2686370,+
cysH,2686367,2687131,+
che1,2687128,2687973,+
ggtB,2688010,2689941,+
Rv2395,2690072,2692075,+
aprA,2692224,2692439,+
aprB,2692551,2692715,+
PE_PGRS41,2692799,2693884,+
cysA1,2693909,2694964,-
cysW,2694981,2695799,-
cysT,2695796,2696647,-
subI,2696644,2697714,-
Rv2401,2697728,2698057,+
Rv2401A,2698042,2698245,-
Rv2402,2698529,2700457,+
lppR,2700535,2701290,-
lepA,2701287,2703248,-
Rv2405,2703269,2703838,+
Rv2406c,2704009,2704437,-
Rv2407,2704697,2705518,+
PE24,2705762,2706736,+
Rv2409c,2706494,2707333,-
Rv2410c,2707333,2708310,-
Rv2411c,2708310,2709965,-
rpsT,2710075,2710335,+
Rv2413c,2710351,2711301,-
Rv2414c,2711332,2712876,-
Rv2415c,2712891,2713784,-
eis,2714124,2715332,-
Rv2417c,2715472,2716314,-
Rv2418c,2716395,2717138,-
gpgP,2717128,2717799,-
Rv2420c,2717796,2718176,-
nadD,2718173,2718808,-
Rv2422,2719083,2719355,+
Rv2423,2719597,2720643,+
Rv2424c,2720776,2721777,-
Rv2425c,2721866,2723308,-
Rv2426c,2723308,2724183,-
proA,2724230,2725477,-
ahpC,2726193,2726780,+
ahpD,2726806,2727339,+
PPE41,2727336,2727920,-
PE25,2727967,2728266,-
Rv2432c,2728437,2728847,-
Rv2433c,2728844,2729134,-
Rv2434c,2729115,2730560,-
Rv2435c,2730557,2732749,-
rbsK,2733230,2734144,+
Rv2437,2734376,2734795,+
nadE,2734792,2736831,-
Rv2438A,2736709,2736987,+
proB,2737117,2738247,-
obg,2738247,2739686,-
rpmA,2739772,2740032,-
rplU,2740047,2740361,-
dctA,2740709,2742184,+
rne,2742123,2744984,-
ndkA,2745314,2745724,-
Rv2446c,2745767,2746138,-
folC,2746135,2747598,-
valS,2747595,2750225,-
Rv2449c,2750313,2751572,-
rpfE,2751662,2752180,-
Rv2451,2752262,2752660,+
Rv2452c,2752848,2752994,-
mobA,2753018,2753623,-
Rv2454c,2753625,2754746,-
Rv2455c,2754743,2756704,-
Rv2456c,2756936,2758192,-
clpX,2758208,2759488,-
mmuM,2759779,2760687,+
Rv2459,2760854,2762380,+
clpP2,2762531,2763175,-
clpP1,2763172,2763774,-
tig,2763891,2765291,-
lipP,2765655,2766839,+
Rv2464c,2766859,2767665,-
rpiB,2767671,2768159,-
Rv2466c,2768261,2768884,-
pepN,2768986,2771571,+
Rv2468c,2771644,2772147,-
Rv2468A,2772098,2772331,-
Rv2469c,2772367,2773035,-
glbO,2773178,2773564,+
aglA,2773564,2775204,+
Rv2472,2775272,2775565,+
Rv2473,2775568,2776284,+
Rv2474c,2776316,2776969,-
Rv2475c,2776975,2777391,-
gdh,2777388,2782262,-
Rv2477c,2782366,2784042,-
Rv2478c,2784123,2784608,-
Rv2481c,2786575,2786898,-
plsB2,2786914,2789283,-
plsC,2789280,2791022,-
Rv2484c,2791019,2792494,-
lipQ,2792723,2793988,-
echA14,2794350,2795120,+
PE_PGRS42,2795301,2797385,-
Rv2488c,2797467,2800880,-
Rv2489c,2800846,2801145,-
PE_PGRS43,2801254,2806236,-
Rv2490a,2806323,2806529,-
Rv2491,2806665,2807288,+
Rv2492,2807278,2808030,+
vapB38,2808083,2808304,+
vapC38,2808310,2808735,+
bkdC,2808758,2809939,-
bkdB,2809936,2810982,-
bkdA,2810993,2812096,-
citE,2812355,2813176,-
Rv2499c,2813173,2813730,-
fadE19,2813727,2814911,-
accA1,2814916,2816880,-
accD1,2816885,2818474,-
scoB,2818471,2819127,-
scoA,2819124,2819870,-
fadD35,2819953,2821596,-
Rv2506,2821712,2822359,+
Rv2507,2822438,2823259,+
Rv2508c,2823256,2824593,-
Rv2509,2824678,2825484,+
Rv2510c,2825488,2827089,-
orn,2827157,2827804,+
Rv2512c,2828556,2829803,-
Rv2512a,2829954,2830139,+
Rv2513,2830161,2830583,+
Rv2514c,2830877,2831338,-
Rv2515c,2831344,2832591,-
Rv2516c,2832710,2833513,-
Rv2517c,2833510,2833761,-
ldtB,2834109,2835335,-
PE26,2835785,2837263,+
Rv2520c,2837388,2837615,-
bcp,2837684,2838157,+
Rv2522c,2838129,2839541,-
acpS,2839538,2839930,-
fas,2840123,2849332,-
Rv2525c,2849852,2850574,-
vapB17,2851091,2851318,+
vapC17,2851315,2851716,+
mrr,2851751,2852671,-
Rv2529,2852875,2854266,+
vapC39,2854267,2854686,-
vapB39,2854683,2854907,-
Rv2531c,2854938,2857781,-
Rv2532c,2857853,2858254,-
nusB,2858254,2858724,-
efp,2858727,2859290,-
pepQ,2859300,2860418,-
Rv2536,2860452,2861144,+
aroD,2861148,2861591,-
aroB,2861588,2862676,-
aroK,2862673,2863203,-
aroF,2863207,2864412,-
Rv2541,2864427,2864834,+
Rv2542,2865130,2866341,+
lppA,2866468,2867127,+
lppB,2867124,2867786,+
vapB18,2867783,2868061,+
vapC18,2868154,2868567,+
vapB19,2868606,2868863,+
vapC19,2868860,2869237,+
Rv2548A,2869253,2869627,-
vapC20,2869727,2870122,-
vapB20,2870119,2870364,-
Rv2551c,2870775,2871194,-
aroE,2871206,2872015,-
Rv2553c,2872012,2873265,-
Rv2554c,2873258,2873770,-
alaS,2873771,2876485,-
Rv2556c,2876576,2876965,-
Rv2557,2877072,2877746,+
Rv2558,2877831,2878541,+
Rv2559c,2878571,2879929,-
Rv2560,2880075,2881052,+
Rv2563,2882290,2883339,+
glnQ,2883342,2884334,+
Rv2565,2884611,2886362,+
Rv2566,2886373,2889795,+
Rv2567,2889795,2892449,+
Rv2568c,2892446,2893471,-
Rv2569c,2893464,2894408,-
Rv2570,2894512,2894901,+
Rv2571c,2894893,2895960,-
aspS,2896013,2897803,-
Rv2573,2898043,2898783,+
Rv2574,2898806,2899309,+
Rv2575,2899339,2900220,+
Rv2576c,2900226,2900690,-
Rv2577,2900918,2902507,+
Rv2578c,2902509,2903531,-
dhaA,2903639,2904541,+
hisS,2904821,2906092,-
Rv2581c,2906089,2906763,-
ppiB,2906814,2907740,+
relA,2907826,2910198,-
apt,2910229,2910900,-
Rv2585c,2911004,2912677,-
secF,2912683,2914011,-
secD,2914015,2915736,-
yajC,2915846,2916193,-
gabT,2916360,2917709,+
fadD9,2917871,2921377,+
PE_PGRS44,2921551,2923182,+
ruvB,2923199,2924233,-
ruvA,2924230,2924820,-
ruvC,2924817,2925383,-
vapB40,2925492,2925737,+
vapC40,2925734,2926138,+
Rv2597,2926355,2926975,+
Rv2598,2926986,2927480,+
Rv2599,2927477,2927908,+
Rv2600,2927990,2928391,+
speE,2928388,2929959,+
vapB41,2930070,2930357,+
vapC41,2930344,2930784,+
Rv2603c,2930805,2931560,-
snoP,2931693,2932289,-
tesB2,2932297,2933142,-
snzP,2933171,2934070,-
pdxH,2934198,2934872,+
PPE42,2935046,2936788,+
Rv2609c,2936810,2937865,-
pimA,2937865,2939001,-
Rv2611c,2939012,2939962,-
pgsA1,2939959,2940612,-
Rv2613c,2940609,2941196,-
thrS,2941189,2943267,-
Rv2614A,2943376,2943603,+
PE_PGRS45,2943600,2944985,-
Rv2616,2945330,2945830,+
Rv2617c,2945847,2946287,-
Rv2618,2946434,2947111,+
Rv2619c,2947096,2947449,-
Rv2620c,2947462,2947887,-
Rv2621c,2947884,2948558,-
Rv2622,2948636,2949457,+
TB31.7,2949593,2950486,+
Rv2624c,2950489,2951307,-
Rv2625c,2951322,2952503,-
hrp1,2952562,2952993,-
Rv2627c,2953507,2954748,-
Rv2628,2955058,2955420,+
Rv2629,2955767,2956891,+
Rv2630,2956893,2957432,+
Rv2631,2957572,2958870,+
Rv2632c,2958909,2959190,-
Rv2633c,2959335,2959820,-
PE_PGRS46,2960105,2962441,-
Rv2635,2962470,2962712,+
Rv2636,2962713,2963390,+
dedA,2963586,2964242,+
Rv2638,2964405,2964851,+
Rv2639c,2965026,2965358,-
Rv2640c,2965478,2965837,-
cadI,2965939,2966397,+
Rv2642,2966533,2966913,+
arsC,2966910,2968406,+
Rv2644c,2968533,2968850,-
Rv2645,2970123,2970554,+
Rv2646,2970551,2971549,+
Rv2647,2971563,2972027,+
Rv2650c,2973795,2975234,-
Rv2651c,2975242,2975775,-
Rv2652c,2975928,2976554,-
Rv2653c,2976586,2976909,-
Rv2654c,2976989,2977234,-
Rv2655c,2977231,2978658,-
Rv2656c,2978660,2979052,-
Rv2657c,2979049,2979309,-
Rv2658c,2979326,2979688,-
Rv2659c,2979691,2980818,-
Rv2660c,2980963,2981190,-
Rv2661c,2981187,2981576,-
Rv2662,2981482,2981754,+
Rv2663,2981853,2982086,+
Rv2664,2982097,2982351,+
Rv2665,2982699,2982980,+
clpC2,2983896,2984654,+
Rv2668,2984733,2985254,+
Rv2669,2985283,2985753,+
Rv2670c,2985731,2986840,-
ribD,2986839,2987615,+
Rv2672,2987682,2989268,+
aftC,2989291,2990592,+
msrB,2990706,2991116,+
Rv2675c,2991184,2991936,-
Rv2676c,2991933,2992628,-
hemY,2992634,2993992,-
hemE,2993989,2995062,-
echA15,2995115,2995945,+
Rv2680,2996105,2996737,+
Rv2681,2996739,2998055,+
dxs1,2998052,2999968,-
Rv2683,3000112,3000609,+
arsA,3000614,3001903,+
arsB1,3001983,3003269,+
Rv2686c,3003280,3004038,-
Rv2687c,3004035,3004748,-
Rv2688c,3004745,3005650,-
Rv2689c,3005845,3007062,-
Rv2690c,3007236,3009209,-
ceoB,3009344,3010027,+
ceoC,3010024,3010686,+
Rv2693c,3010697,3011368,-
Rv2694c,3011399,3011767,-
Rv2695,3011916,3012623,+
Rv2696c,3012829,3013608,-
dut,3013683,3014147,-
Rv2698,3014173,3014658,+
Rv2699c,3014663,3014965,-
Rv2700,3015203,3015853,+
suhB,3015863,3016735,-
ppgK,3016858,3017655,+
sigA,3017835,3019421,+
Rv2704,3019458,3019886,+
Rv2705c,3019814,3020203,-
Rv2706c,3020200,3020457,-
Rv2707,3020573,3021547,+
Rv2708c,3021548,3021796,-
Rv2709,3021839,3022285,+
sigB,3022461,3023432,+
ideR,3023565,3024257,+
Rv2712c,3024270,3025328,-
sthA,3025441,3026847,+
Rv2714,3027065,3028039,+
Rv2715,3028098,3029123,+
Rv2716,3029172,3029858,+
Rv2717c,3029867,3030361,-
nrdR,3030413,3030877,-
Rv2719c,3031040,3031537,-
lexA,3031788,3032498,+
Rv2721c,3032520,3034619,-
Rv2722,3034635,3034883,+
Rv2723,3034909,3036102,+
fadE20,3036131,3037291,-
hflX,3037427,3038914,-
dapF,3038931,3039800,-
miaA,3039825,3040769,-
Rv2728c,3040766,3041461,-
Rv2729c,3041570,3042475,-
Rv2730,3042542,3043018,+
Rv2731,3043026,3044378,+
Rv2732c,3044375,3044989,-
Rv2733c,3044986,3046524,-
Rv2734,3046821,3047675,+
Rv2735c,3047560,3048552,-
recX,3048562,3049086,-
recA,3049052,3051424,-
Rv2738c,3051806,3052012,-
Rv2739c,3052023,3053189,-
ephG,3053233,3053682,+
PE_PGRS47,3053914,3055491,+
Rv2742c,3055515,3056348,-
Rv2743c,3056420,3057232,-
35kd_ag,3057251,3058063,-
clgR,3058193,3058531,-
pgsA3,3058602,3059231,-
argA,3059262,3059786,+
ftsK,3059855,3062506,-
Rv2749,3062505,3062819,+
Rv2750,3062816,3063634,+
Rv2751,3063638,3064528,+
Rv2752c,3064515,3066191,-
dapA,3066222,3067124,-
thyX,3067193,3067945,-
hsdM,3068461,3070083,-
vapC21,3070170,3070586,-
vapB21,3070583,3070849,-
vapC42,3070875,3071270,-
vapB42,3071267,3071536,-
hsdS,3071546,3072640,-
Rv2762c,3072637,3073056,-
dfrA,3073130,3073609,-
thyA,3073680,3074471,-
Rv2765,3074636,3075373,+
Rv2766c,3075588,3076370,-
Rv2767c,3076367,3076720,-
PPE43,3076894,3078078,-
PE27,3078158,3078985,-
PPE44,3079309,3080457,-
Rv2771c,3080581,3081033,-
Rv2772c,3081119,3081592,-
dapB,3081604,3082341,-
Rv2774c,3082352,3082756,-
Rv2775,3082909,3083370,+
Rv2776c,3083374,3084303,-
Rv2777c,3084485,3085555,-
Rv2778c,3085713,3086183,-
Rv2779c,3086215,3086754,-
ald,3086820,3087935,+
Rv2781c,3087950,3088984,-
pepR,3089045,3090361,-
gpsI,3090339,3092597,-
lppU,3092951,3093466,-
rpsO,3093479,3093748,-
ribF,3093905,3094900,-
Rv2787,3095111,3096874,+
sirR,3096959,3097645,+
fadE21,3097706,3098938,-
ltp1,3098964,3100169,-
Rv2791c,3100202,3101581,-
Rv2792c,3101581,3102162,-
truB,3102364,3103260,-
pptT,3103257,3103940,-
Rv2795c,3103937,3104911,-
lppV,3105056,3105619,-
Rv2797c,3105619,3107307,-
Rv2798c,3107311,3107637,-
Rv2799,3107768,3108397,+
Rv2800,3108416,3110065,+
mazF9,3110167,3110523,-
mazE9,3110507,3110737,-
Rv2802c,3110780,3111823,-
Rv2803,3111822,3112289,+
Rv2804c,3112465,3113094,-
Rv2805,3112867,3113271,+
Rv2806,3113268,3113459,+
Rv2807,3113658,3114812,+
Rv2808,3115046,3115303,+
Rv2809,3115408,3115719,+
Rv2811,3116139,3116747,+
Rv2812,3116818,3118227,+
Rv2813,3118224,3119036,+
Rv2816c,3123625,3123966,-
Rv2817c,3123967,3124983,-
Rv2818c,3124996,3126144,-
Rv2819c,3126240,3127367,-
Rv2820c,3127364,3128272,-
Rv2821c,3128253,3128963,-
Rv2822c,3128973,3129347,-
Rv2823c,3129344,3131773,-
Rv2824c,3131770,3132714,-
Rv2825c,3132892,3133539,-
Rv2826c,3133709,3134593,-
Rv2827c,3134596,3135483,-
Rv2828c,3135788,3136333,-
Rv2828A,3136330,3136599,-
vapC22,3136620,3137012,-
vapB22,3137009,3137224,-
echA16,3137271,3138020,+
ugpC,3138099,3139181,-
ugpB,3139174,3140484,-
ugpE,3140487,3141314,-
ugpA,3141311,3142222,-
dinF,3142309,3143628,-
Rv2837c,3143635,3144645,-
rbfA,3144620,3145171,-
infB,3145171,3147873,-
Rv2840c,3147959,3148258,-
nusA,3148385,3149428,-
Rv2842c,3149425,3149976,-
Rv2843,3150171,3150716,+
Rv2844,3150713,3151201,+
proS,3151202,3152950,-
efpA,3153039,3154631,-
cysG,3154654,3155871,-
cobB,3156148,3157521,-
cobO,3157521,3158144,-
Rv2850c,3158165,3160054,-
Rv2851c,3160051,3160521,-
mqo,3160580,3162061,-
PE_PGRS48,3162268,3164115,+
Rv2854,3164152,3165192,+
mtr,3165205,3166584,+
nicT,3166684,3167802,+
Rv2857c,3168583,3169359,-
aldC,3169356,3170723,-
Rv2859c,3170720,3171646,-
glnA4,3171627,3173000,-
mapB,3173160,3174017,-
Rv2862c,3174059,3174643,-
vapB23,3174747,3174995,+
vapC23,3174992,3175372,+
Rv2864c,3175454,3177265,-
relF,3177537,3177818,+
relG,3177822,3178085,+
Rv2867c,3178458,3179312,-
gcpE,3179368,3180531,-
rip,3180548,3181762,-
dxr,3181770,3183011,-
vapB43,3183138,3183395,+
vapC43,3183382,3183825,+
mpt83,3183905,3184567,+
dipZ,3184847,3186934,+
mpt70,3187030,3187611,+
Rv2876,3187663,3187977,+
Rv2877c,3188008,3188871,-
mpt53,3188876,3189397,-
cdsA,3190701,3191621,-
frr,3191644,3192201,-
pyrH,3192373,3193158,-
Rv2884,3193393,3194151,+
Rv2885c,3194166,3195548,-
Rv2886c,3195545,3196432,-
Rv2887,3196431,3196850,+
amiC,3196864,3198285,-
tsf,3198292,3199107,-
rpsB,3199119,3199982,-
Rv2891,3200266,3201015,+
PPE45,3200794,3202020,-
Rv2893,3202420,3203397,+
xerC,3203394,3204290,-
viuB,3204381,3205232,-
Rv2896c,3205265,3206434,-
Rv2897c,3206431,3207942,-
Rv2898c,3207942,3208328,-
fdhD,3208576,3209406,-
fdhF,3209406,3211745,-
Rv2901c,3211803,3212108,-
rnhB,3212162,3212956,-
lepB,3212970,3213854,-
rplS,3213912,3214253,-
lppW,3214628,3215572,+
trmD,3215665,3216357,-
rimM,3216361,3216891,-
Rv2908c,3216905,3217147,-
rpsP,3217155,3217643,-
Rv2910c,3217827,3218270,-
dacB2,3218339,3219214,+
Rv2912c,3219274,3219861,-
Rv2913c,3219863,3221698,-
pknI,3221767,3223524,-
Rv2915c,3223568,3224680,-
ffh,3224708,3226285,-
Rv2917,3226363,3228243,+
glnD,3228254,3230680,-
glnB,3230738,3231076,-
amt,3231073,3232506,-
ftsY,3232871,3234139,-
smc,3234189,3237806,-
acyP,3237818,3238099,-
Rv2923c,3238086,3238499,-
fpg,3238601,3239470,-
rnc,3239829,3240551,-
Rv2926c,3240548,3241171,-
Rv2927c,3241222,3241959,-
tesA,3242198,3242983,+
Rv2929,3242970,3243281,+
fadD26,3243697,3245448,+
ppsA,3245445,3251075,+
ppsB,3251072,3255688,+
ppsC,3255685,3262251,+
ppsD,3262248,3267731,+
ppsE,3267737,3272203,+
drrA,3272214,3273209,+
drrB,3273206,3274075,+
drrC,3274072,3274902,+
papA5,3274949,3276217,+
mas,3276380,3282715,-
fadD28,3283335,3285077,+
mmpL7,3285070,3287832,+
Rv2943,3288464,3289705,+
Rv2943A,3289705,3290235,+
Rv2944,3289790,3290506,+
lppX,3290624,3291325,-
pks1,3291503,3296353,-
pks15,3296350,3297840,-
fadD22,3297837,3299954,-
Rv2949c,3299971,3300570,-
fadD29,3300596,3302455,-
Rv2951c,3303103,3304248,-
Rv2952,3304441,3305253,+
Rv2953,3305279,3306535,+
Rv2954c,3306666,3307391,-
Rv2955c,3307580,3308545,-
Rv2956,3308668,3309399,+
Rv2957,3309470,3310297,+
Rv2958c,3310714,3312000,-
Rv2959c,3312101,3312838,-
Rv2960c,3312953,3313201,-
Rv2961,3313283,3313672,+
Rv2962c,3313773,3315122,-
Rv2963,3315236,3316456,+
purU,3316529,3317461,+
kdtB,3318330,3318815,-
Rv2966c,3318901,3319467,-
pca,3319663,3323046,-
Rv2968c,3323071,3323703,-
Rv2969c,3323709,3324476,-
lipN,3324573,3325703,-
Rv2970A,3325934,3326104,+
Rv2971,3326101,3326949,+
Rv2972c,3327023,3327736,-
recG,3327733,3329946,-
Rv2974c,3329949,3331361,-
Rv2975c,3331358,3331612,-
Rv2975a,3331854,3332048,+
ung,3332071,3332754,-
thiL,3332787,3333788,-
Rv2978c,3333785,3335164,-
Rv2979c,3335164,3335748,-
Rv2980,3335960,3336505,+
ddlA,3336796,3337917,-
gpdA2,3337995,3338999,-
Rv2983,3339118,3339762,+
ppk1,3339854,3342082,+
mutT1,3342165,3343118,+
hupB,3343176,3343820,-
leuD,3344033,3344629,-
leuC,3344654,3346075,-
Rv2989,3346147,3346848,+
Rv2990c,3346859,3347719,-
Rv2991,3347982,3348473,+
gltS,3348805,3350277,-
Rv2993c,3350274,3350993,-
Rv2994,3351269,3352606,+
leuB,3352458,3353468,-
serA1,3353483,3355069,-
Rv2997,3355099,3356541,+
Rv2998,3356815,3357276,+
lppY,3357602,3358567,+
Rv3000,3358612,3359271,+
ilvC,3359585,3360586,-
ilvN,3360624,3361130,-
ilvB1,3361130,3362986,-
cfp6,3363348,3363686,+
Rv3005c,3363693,3364532,-
lppZ,3364709,3365830,+
Rv3007c,3365836,3366450,-
Rv3008,3366644,3367267,+
gatB,3367264,3368793,-
pfkA,3368823,3369854,-
gatA,3369950,3371434,-
gatC,3371431,3371730,-
Rv3013,3371815,3372471,+
ligA,3372545,3374620,-
Rv3015c,3374651,3375664,-
lpqA,3375758,3376387,+
esxQ,3376490,3376852,-
PPE46,3376939,3378243,-
esxR,3378711,3379001,-
esxS,3379036,3379329,-
PE29,3380679,3380993,-
Rv3023c,3381375,3382622,-
trmU,3382785,3383888,-
iscS,3383885,3385066,-
Rv3026c,3385163,3386077,-
Rv3027c,3386074,3386919,-
fixB,3387075,3388031,-
fixA,3388070,3388870,-
Rv3030,3389101,3389925,+
Rv3031,3389922,3391502,+
Rv3032,3391534,3392778,+
Rv3032A,3392812,3393201,+
Rv3033,3393380,3393928,+
Rv3034c,3394019,3394921,-
Rv3035,3395379,3396461,+
TB22.2,3396458,3397141,-
Rv3037c,3397214,3398290,-
Rv3038c,3398425,3399408,-
echA17,3399419,3400183,-
Rv3040c,3400192,3401058,-
Rv3041c,3401055,3401918,-
serB2,3401933,3403162,-
ctaD,3403200,3404921,-
fecB,3405136,3406215,+
adhC,3406285,3407325,+
Rv3046c,3407314,3407688,-
Rv3047c,3408022,3408306,-
nrdF2,3408404,3409378,-
Rv3049c,3409509,3411083,-
Rv3050c,3411217,3411957,-
nrdE,3412085,3414166,-
nrdI,3414232,3414684,-
nrdH,3414719,3414958,-
Rv3054c,3415435,3415989,-
Rv3055,3416081,3416695,+
dinP,3416705,3417745,+
Rv3057c,3417799,3418662,-
Rv3058c,3418726,3419376,-
cyp136,3419492,3420970,+
Rv3060c,3421741,3423213,-
fadE22,3423262,3425427,-
ligB,3425584,3427107,+
cstA,3427243,3429519,+
Rv3064c,3429825,3430250,-
mmr,3430387,3430710,+
Rv3066,3430707,3431315,+
Rv3067,3431428,3431838,+
pgmA,3431979,3433622,-
Rv3069,3433692,3434090,+
Rv3070,3434087,3434467,+
Rv3071,3434464,3435573,+
Rv3072c,3435798,3436322,-
Rv3073c,3436329,3436685,-
Rv3074,3436779,3438053,+
Rv3075c,3438050,3438973,-
Rv3076,3439072,3439548,+
Rv3077,3439541,3441352,+
hab,3441353,3441754,+
Rv3079c,3441770,3442597,-
pknK,3442656,3445988,-
Rv3081,3446040,3447278,+
virS,3447404,3448426,-
Rv3083,3448504,3449991,+
lipR,3449997,3450923,+
Rv3085,3450920,3451750,+
adhD,3451781,3452887,+
Rv3087,3452925,3454343,+
tgs4,3454340,3455764,+
fadD13,3455761,3457272,+
Rv3090,3458211,3459098,+
Rv3091,3459116,3460807,+
Rv3092c,3460814,3461734,-
Rv3093c,3461760,3462764,-
Rv3094c,3462761,3463891,-
Rv3095,3463973,3464449,+
Rv3096,3464547,3465686,+
lipY,3465778,3467091,-
Rv3098c,3467210,3467662,-
Rv3098A,3467606,3467926,+
Rv3099c,3468413,3469264,-
smpB,3469301,3469783,-
ftsX,3469786,3470679,-
ftsE,3470680,3471369,-
Rv3103c,3471413,3471850,-
Rv3104c,3471852,3472778,-
prfB,3472768,3473904,-
fprA,3474007,3475377,+
agpS,3475378,3476961,-
Rv3108,3477060,3477500,+
moaA1,3477649,3478728,+
moaB1,3478779,3479174,+
moaC1,3479171,3479683,+
moaD1,3479700,3479951,+
Rv3113,3480074,3480742,+
Rv3114,3480759,3481289,+
Rv3115,3481451,3482698,+
moeB2,3482776,3483945,+
cysA3,3483974,3484807,+
Rv3118,3484809,3485111,+
moaE1,3485132,3485575,+
Rv3120,3485572,3486174,+
cyp141,3486509,3487711,+
Rv3122,3488089,3488559,+
Rv3123,3488569,3489063,+
moaR1,3489506,3490375,+
PPE49,3490476,3491651,-
Rv3126c,3491808,3492122,-
Rv3127,3492147,3493181,+
tgs1,3494975,3496366,-
Rv3131,3496551,3497549,+
devS,3497529,3499265,-
devR,3499262,3499915,-
Rv3134c,3499943,3500749,-
PPE50,3501334,3501732,+
PPE51,3501794,3502936,+
Rv3136A,3502945,3503277,-
Rv3137,3503393,3504175,+
pflA,3504195,3505283,+
fadE24,3505363,3506769,+
fadE23,3506790,3507995,+
fadB4,3508095,3509066,+
Rv3142c,3509118,3509546,-
Rv3143,3509654,3510055,+
PPE52,3510088,3511317,-
nuoA,3511682,3512068,+
nuoB,3512077,3512631,+
nuoC,3512628,3513338,+
nuoD,3513338,3514660,+
nuoE,3514657,3515415,+
nuoF,3515412,3516749,+
nuoG,3516746,3519166,+
nuoH,3519282,3520514,+
nuoI,3520507,3521142,+
nuoJ,3521139,3521927,+
nuoK,3521924,3522223,+
nuoL,3522234,3524135,+
nuoM,3524132,3525793,+
nuoN,3525790,3527385,+
PPE53,3527391,3529163,-
Rv3160c,3529338,3529979,-
Rv3161c,3529990,3531138,-
Rv3162c,3531208,3531645,-
Rv3163c,3531642,3532913,-
moxR3,3532943,3533905,-
Rv3165c,3533913,3534395,-
Rv3166c,3534392,3535351,-
Rv3167c,3535431,3536057,-
Rv3168,3536102,3537238,+
Rv3169,3537238,3538362,+
aofH,3538505,3539851,+
hpx,3539846,3540745,-
Rv3172c,3540882,3541364,-
Rv3173c,3541443,3542045,-
Rv3174,3542138,3542845,+
Rv3175,3542860,3544347,+
mesT,3544344,3545300,-
Rv3177,3545447,3546307,+
Rv3178,3546438,3546797,+
Rv3178a,3547037,3547330,+
Rv3179,3547618,3548907,+
Rv3180c,3549254,3549688,-
Rv3181c,3549691,3550143,-
Rv3182,3550374,3550718,+
Rv3183,3550715,3551044,+
Rv3188,3554298,3554645,+
Rv3189,3554642,3555262,+
Rv3190c,3555422,3556687,-
Rv3190A,3556855,3557064,+
Rv3191c,3557311,3558345,-
Rv3192,3559563,3560024,+
Rv3193c,3560194,3563172,-
Rv3194c,3563264,3564286,-
Rv3195,3564364,3565782,+
Rv3196,3565788,3566687,+
Rv3196A,3566696,3566896,-
Rv3197,3567024,3568367,+
whiB7,3568401,3568679,-
uvrD2,3569109,3571211,-
Rv3198A,3571335,3571589,+
nudC,3571602,3572543,-
Rv3200c,3572602,3573669,-
Rv3201c,3573731,3577036,-
Rv3202c,3577033,3580200,-
Rv3202a,3580286,3580495,+
lipV,3580638,3581312,+
Rv3204,3581315,3581620,+
Rv3205c,3581627,3582505,-
moeB1,3582532,3583710,-
Rv3207c,3583801,3584658,-
Rv3208,3585004,3585690,+
TB9.4,3585677,3585949,-
Rv3209,3586274,3586834,+
Rv3210c,3586844,3587539,-
rhlE,3587798,3589381,+
Rv3212,3589394,3590617,+
Rv3213c,3590692,3591492,-
gpm2,3591646,3592257,+
entC,3592254,3593372,+
Rv3217c,3593804,3594235,-
Rv3218,3594468,3595433,+
whiB1,3595713,3595967,+
Rv3220c,3596029,3597534,-
TB7.3,3597551,3597766,-
rshA,3598051,3598356,-
Rv3222c,3598353,3598904,-
sigH,3598901,3599551,-
Rv3224,3599851,3600699,+
Rv3225c,3601016,3602440,-
Rv3226c,3602564,3603322,-
aroA,3603377,3604729,+
Rv3228,3604726,3605718,+
desA3,3605751,3607034,-
Rv3230c,3607112,3608254,-
Rv3231c,3608364,3608873,-
ppk2,3608870,3609757,-
tgs3,3610374,3611189,-
Rv3235,3611300,3611941,+
Rv3236c,3611959,3613116,-
Rv3237c,3613121,3613603,-
Rv3238c,3613664,3614398,-
Rv3239c,3614457,3617603,-
secA1,3617682,3620531,-
Rv3241c,3620610,3621254,-
Rv3242c,3621570,3622211,-
Rv3243c,3622249,3623091,-
lpqB,3623159,3624910,-
mtrB,3624910,3626613,-
mtrA,3626663,3627349,-
tmk,3627419,3628063,-
sahH,3628160,3629647,-
Rv3249c,3629752,3630387,-
rubB,3630384,3630566,-
rubA,3630571,3630738,-
alkB,3630738,3631988,-
Rv3253c,3632097,3633584,-
Rv3254,3633675,3635063,+
manA,3635041,3636267,-
Rv3256c,3636275,3637315,-
pmmA,3637312,3638709,-
Rv3258c,3638811,3639302,-
Rv3259,3639425,3639844,+
whiB2,3639872,3640141,-
fbiA,3640543,3641538,+
fbiB,3641535,3642881,+
Rv3263,3643177,3644838,+
manB,3644898,3645977,-
wbbL1,3645979,3646884,-
rmlD,3646895,3647809,-
Rv3267,3647885,3649381,+
Rv3268,3649420,3650109,+
Rv3269,3650234,3650515,+
ctpC,3650526,3652682,+
Rv3271c,3652679,3653347,-
Rv3272,3653448,3654632,+
Rv3273,3654637,3656931,+
fadE25,3656920,3658089,-
purE,3658114,3658638,-
purK,3658635,3659924,-
Rv3277,3659878,3660696,+
Rv3278c,3660651,3661169,-
birA,3661212,3662012,-
accD5,3662062,3663708,+
accE5,3663689,3664222,+
Rv3282,3664219,3664887,+
sseA,3664928,3665821,+
Rv3284,3665818,3666249,+
accA3,3666357,3668159,+
sigF,3668169,3668954,-
rsbW,3668951,3669388,-
usfY,3669586,3669999,-
Rv3289c,3670034,3670411,-
lat,3670445,3671794,-
lrpA,3671845,3672297,-
Rv3292,3672328,3673575,+
pcd,3673602,3675086,+
Rv3294c,3675186,3675995,-
Rv3295,3676066,3676731,+
lhr,3676775,3681316,+
nei,3681320,3682087,+
lpqC,3682110,3683024,-
atsB,3683051,3685963,-
Rv3300c,3685983,3686900,-
phoY1,3686912,3687577,-
glpD2,3687685,3689442,-
lpdA,3689457,3690938,-
Rv3304,3691141,3691620,+
amiA1,3691639,3692808,-
amiB1,3692805,3693989,-
deoD,3694054,3694860,+
pmmB,3694864,3696468,+
upp,3696470,3697093,-
sapM,3697198,3698097,+
Rv3311,3698121,3699383,+
Rv3312c,3699404,3700330,-
Rv3312b,3700356,3700526,-
Rv3312A,3700705,3701016,-
add,3701087,3702184,-
deoA,3702184,3703467,-
cdd,3703464,3703865,-
sdhC,3704102,3704440,+
sdhD,3704437,3704871,+
sdhA,3705000,3706772,+
sdhB,3706772,3707563,+
vapC44,3707642,3708070,-
vapB44,3708074,3708316,-
Rv3322c,3708438,3709052,-
moaX,3709049,3709714,-
moaC3,3709715,3710248,-
Rv3327,3711749,3713461,+
sigJ,3713394,3714332,-
Rv3329,3714392,3715708,+
dacB1,3715777,3716994,+
sugI,3717090,3718598,+
nagA,3718595,3719746,+
Rv3333c,3719937,3720782,-
Rv3334,3721257,3721697,+
Rv3335c,3721731,3722600,-
trpS,3722621,3723631,-
icd1,3724615,3725844,-
metC,3726127,3727476,+
metA,3727488,3728627,+
Rv3342,3728624,3729355,+
PPE54,3729364,3736935,-
PE_PGRS49,3736984,3738000,-
PE_PGRS50,3738158,3742774,-
Rv3346c,3743198,3743455,-
PPE55,3743711,3753184,-
Rv3348,3753765,3754256,+
Rv3349c,3754293,3755237,-
PPE56,3755952,3767102,-
Rv3351c,3767346,3768140,-
Rv3352c,3768222,3768593,-
Rv3353c,3768736,3768996,-
Rv3354,3769111,3769500,+
Rv3355c,3769514,3769807,-
folD,3769804,3770649,-
relJ,3770773,3771048,+
relK,3771045,3771302,+
Rv3359,3771344,3772534,+
Rv3360,3772651,3773019,+
Rv3361c,3773016,3773567,-
Rv3362c,3773574,3774155,-
Rv3363c,3774136,3774504,-
Rv3364c,3774482,3774874,-
Rv3365c,3774871,3777501,-
spoU,3777737,3778201,+
PE_PGRS51,3778568,3780334,+
Rv3368c,3780335,3780979,-
Rv3369,3780978,3781412,+
dnaE2,3781501,3784740,-
Rv3371,3784932,3786272,+
otsB2,3786314,3787489,+
echA18,3787726,3788367,+
amiD,3788621,3790048,+
Rv3376,3790156,3790809,+
Rv3377c,3790848,3792353,-
Rv3378c,3792358,3793248,-
dxs2,3793257,3794867,-
Rv3382c,3796448,3797437,-
idsB,3797437,3798489,-
vapC46,3799243,3799635,-
vapB46,3799635,3799943,-
Rv3386,3800092,3800796,+
Rv3387,3800786,3801463,+
PE_PGRS52,3801653,3803848,+
htdY,3803919,3804791,-
lpqD,3804865,3805575,+
acrA1,3805621,3807573,+
cmaA1,3807574,3808437,-
iunH,3808461,3809387,+
Rv3394c,3809442,3811025,-
Rv3395c,3811022,3811636,-
Rv3395A,3811719,3812345,+
guaA,3812501,3814078,-
phyA,3814090,3814998,-
idsA1,3815027,3816106,-
Rv3399,3816129,3817175,+
Rv3400,3817239,3818027,+
Rv3401,3818042,3820402,+
Rv3402c,3820653,3821891,-
Rv3403c,3822262,3823863,-
Rv3404c,3823880,3824584,-
Rv3405c,3824702,3825268,-
Rv3406,3825330,3826217,+
vapB47,3826252,3826551,+
vapC47,3826548,3826958,+
choD,3826991,3828727,-
guaB3,3828783,3829910,-
guaB2,3829930,3831519,-
Rv3412,3831726,3832136,+
Rv3413c,3832146,3833045,-
sigD,3833038,3833676,-
Rv3415c,3833694,3834521,-
whiB3,3834892,3835200,+
groEL1,3835272,3836891,-
groES,3836986,3837288,-
gcp,3837555,3838589,-
rimI,3838586,3839062,-
Rv3421c,3839059,3839694,-
Rv3422c,3839691,3840197,-
alr,3840194,3841420,-
Rv3424c,3841714,3842076,-
PPE57,3842239,3842769,+
PPE58,3843036,3843734,+
Rv3427c,3843885,3844640,-
Rv3428c,3844738,3845970,-
PPE59,3847165,3847701,+
Rv3430c,3847642,3848805,-
Rv3430a,3848844,3848999,-
gadB,3850372,3851754,-
Rv3433c,3851792,3853213,-
Rv3434c,3853215,3853928,-
Rv3435c,3853939,3854793,-
glmS,3855015,3856889,-
Rv3437,3856911,3857387,+
Rv3438,3857397,3858239,+
Rv3439c,3858259,3859662,-
Rv3440c,3859665,3859976,-
mrsA,3860024,3861370,-
rpsI,3861495,3861950,-
rplM,3861947,3862390,-
esxT,3862624,3862926,-
esxU,3862947,3863264,-
Rv3446c,3863317,3864531,-
eccC4,3864528,3868238,-
eccD4,3868352,3869755,+
mycP4,3869752,3871119,+
eccB4,3871084,3872496,-
cut3,3872617,3873405,+
cut4,3873452,3874132,+
truA,3876052,3876822,-
rplQ,3876890,3877432,-
rpoA,3877464,3878507,-
rpsD,3878659,3879264,-
rpsK,3879273,3879692,-
rpsM,3879696,3880070,-
rpmJ,3880286,3880399,-
infA,3880432,3880653,-
Rv3463,3880907,3881764,+
rmlB,3881837,3882832,+
rmlC,3882834,3883442,+
Rv3466,3883525,3884193,+
Rv3467,3883964,3884917,+
Rv3468c,3884975,3886069,-
mhpE,3886073,3887083,-
ilvB2,3887144,3888802,-
Rv3471c,3888808,3889341,-
Rv3472,3889362,3889868,+
bpoA,3889948,3890733,-
PE31,3894093,3894389,+
PPE60,3894426,3895607,+
Rv3479,3895820,3898885,+
Rv3480c,3898909,3900402,-
Rv3481c,3900493,3901182,-
Rv3482c,3901324,3902106,-
Rv3483c,3902150,3902812,-
Rv3484,3903078,3904616,+
Rv3485c,3904622,3905566,-
Rv3486,3905772,3906221,+
lipF,3906174,3907007,-
Rv3488,3907667,3907990,+
Rv3489,3908072,3908236,+
otsA,3908236,3909738,+
Rv3491,3909890,3910468,+
Rv3492c,3910465,3910947,-
Rv3493c,3910947,3911675,-
mce4F,3911675,3913369,-
lprN,3913380,3914534,-
mce4D,3914531,3915886,-
mce4C,3915883,3916956,-
mce4B,3916946,3917998,-
mce4A,3917998,3919200,-
yrbE4B,3919220,3920062,-
yrbE4A,3920097,3920861,-
Rv3502c,3921087,3922040,-
fdxD,3922065,3922256,-
fadE26,3922471,3923673,+
fadE27,3923698,3924819,+
fadD17,3924890,3926398,+
PE_PGRS53,3926569,3930714,+
PE_PGRS54,3931005,3936710,+
ilvX,3936877,3938424,-
Rv3510c,3938421,3939257,-
PE_PGRS55,3939617,3941761,+
PE_PGRS56,3943812,3944963,+
fadD18,3945092,3945748,-
PE_PGRS57,3945794,3950263,+
fadD19,3950824,3952470,-
echA19,3952544,3953335,+
Rv3517,3953431,3954270,+
cyp142,3954325,3955521,-
Rv3519,3955550,3956260,+
Rv3520c,3956325,3957368,-
Rv3521,3957521,3958432,+
ltp4,3958448,3959512,+
ltp3,3959529,3960713,+
Rv3524,3960755,3961786,+
Rv3525c,3961800,3962324,-
kshA,3962439,3963599,+
Rv3527,3963605,3964054,+
Rv3528c,3964479,3965192,-
Rv3529c,3965884,3967038,-
Rv3530c,3967038,3967820,-
Rv3531c,3967817,3968944,-
PPE61,3969343,3970563,+
PPE62,3970705,3972453,-
hsaF,3972552,3973592,-
hsaG,3973589,3974500,-
hsaE,3974511,3975296,-
kstD,3975369,3977060,+
Rv3538,3977062,3977922,+
PPE63,3978059,3979498,+
ltp2,3979499,3980659,-
Rv3541c,3980659,3981048,-
Rv3542c,3981045,3981980,-
fadE29,3981977,3983140,-
fadE28,3983125,3984144,-
cyp125,3984144,3985445,-
fadA5,3985557,3986732,+
ddn,3986844,3987299,+
Rv3548c,3987382,3988296,-
Rv3549c,3988319,3989098,-
echA20,3989153,3989896,+
Rv3551,3989896,3990774,+
Rv3552,3990771,3991523,+
Rv3553,3991621,3992688,+
fdxB,3992685,3994742,+
Rv3555c,3994830,3995699,-
fadA6,3995804,3996964,-
Rv3557c,3997029,3997631,-
PPE64,3997980,3999638,+
Rv3559c,3999647,4000435,-
fadE30,4000432,4001589,-
fadD3,4001637,4003160,+
fadE31,4003161,4004294,+
fadE32,4004291,4005250,+
fadE33,4005247,4006203,+
aspB,4006200,4007366,+
nat,4007331,4008182,-
Rv3566A,4008167,4008433,-
hsaB,4008719,4009282,-
hsaC,4009297,4010199,-
hsaD,4010196,4011071,-
hsaA,4011086,4012270,-
kshB,4012417,4013493,+
Rv3572,4013511,4014041,+
fadE34,4014077,4016212,-
kstR,4016484,4017083,+
Rv3575c,4017089,4018168,-
lppH,4018358,4019071,+
Rv3577,4019262,4020128,+
arsB2,4020142,4021383,+
Rv3579c,4021425,4022393,-
cysS1,4022394,4023803,-
ispF,4023868,4024347,-
ispD,4024344,4025039,-
Rv3583c,4025056,4025544,-
lpqE,4025830,4026378,+
radA,4026444,4027886,+
Rv3586,4027891,4028967,+
Rv3587c,4028968,4029762,-
canB,4029871,4030494,-
mutY,4030493,4031407,+
PE_PGRS58,4031404,4033158,-
Rv3591c,4033269,4034042,-
Rv3592,4034057,4034374,+
lpqF,4034352,4035710,+
Rv3594,4035857,4036684,+
PE_PGRS59,4036731,4038050,-
clpC1,4038158,4040704,-
lsr2,4040981,4041319,-
lysS,4041423,4042940,-
Rv3600c,4043041,4043859,-
panD,4043862,4044281,-
panC,4044281,4045210,-
Rv3603c,4045207,4046118,-
Rv3604c,4046303,4047496,-
Rv3605c,4047705,4048181,-
folK,4048181,4048747,-
folB,4048744,4049145,-
folP1,4049138,4049980,-
folE,4049977,4050585,-
ftsH,4050601,4052883,-
Rv3612c,4053518,4053847,-
Rv3613c,4053881,4054042,-
espD,4054142,4054696,-
espC,4054812,4055123,-
espA,4055197,4056375,-
ephA,4057733,4058701,+
Rv3618,4058698,4059885,+
esxV,4059984,4060268,-
esxW,4060295,4060591,-
PPE65,4060648,4061889,-
PE32,4061899,4062198,-
lpqG,4062527,4063249,+
hpt,4063254,4063904,-
mesJ,4063901,4064872,-
Rv3626c,4064851,4065903,-
Rv3627c,4065900,4067285,-
ppa,4067423,4067911,+
Rv3629c,4067957,4069054,-
Rv3630,4069175,4070470,+
Rv3631,4070514,4071239,+
Rv3632,4071236,4071580,+
Rv3633,4071791,4072666,+
galE1,4072667,4073611,-
Rv3635,4073634,4075409,+
Rv3638,4076984,4077730,+
Rv3639c,4077884,4078450,-
Rv3640c,4078520,4079749,-
fic,4079925,4080560,-
Rv3642c,4080571,4080765,-
Rv3643,4081160,4081351,+
Rv3644c,4081516,4082721,-
Rv3645,4082807,4084456,+
topA,4084453,4087257,-
Rv3647c,4087610,4088188,-
cspA,4088328,4088531,-
Rv3649,4088781,4091096,+
PE33,4091233,4091517,+
Rv3651,4091841,4092878,+
PE_PGRS60,4093632,4093946,+
PE_PGRS61,4093940,4094527,+
Rv3654c,4094660,4094983,-
Rv3655c,4094923,4095300,-
Rv3656c,4095324,4095530,-
Rv3657c,4095540,4096115,-
Rv3658c,4096139,4096939,-
Rv3659c,4096936,4097994,-
Rv3660c,4098096,4099148,-
Rv3661,4099647,4100510,+
Rv3662c,4101265,4102035,-
dppD,4102032,4103678,-
dppC,4103675,4104475,-
dppB,4104531,4105457,-
dppA,4105459,4107084,-
acs,4107792,4109747,+
Rv3668c,4109783,4110481,-
Rv3669,4110827,4111345,+
ephE,4111346,4112329,+
Rv3671c,4112322,4113515,-
Rv3672c,4113521,4114342,-
Rv3673c,4114474,4115157,-
nth,4115157,4115894,-
Rv3675,4116002,4116379,+
crp,4116478,4117152,+
Rv3677c,4117258,4118052,-
Rv3678c,4118059,4118514,-
Rv3678A,4118530,4118691,-
Rv3679,4118776,4119798,+
Rv3680,4119795,4120955,+
whiB4,4121198,4121554,-
ponA2,4121916,4124348,+
Rv3683,4124417,4125376,+
Rv3684,4125439,4126479,+
cyp137,4127295,4128725,-
Rv3686c,4128751,4129083,-
rsfB,4129323,4129691,-
Rv3688c,4129893,4130357,-
Rv3689,4130357,4131712,+
Rv3690,4131739,4132392,+
Rv3691,4132518,4133519,+
moxR2,4133516,4134592,+
Rv3693,4134726,4136048,+
Rv3694c,4136122,4137114,-
Rv3695,4137206,4138138,+
glpK,4138202,4139755,-
vapC48,4139805,4140242,-
vapB48,4140239,4140463,-
Rv3698,4140493,4142022,+
Rv3699,4142044,4142745,+
egtE,4142748,4143920,-
egtD,4143951,4144916,-
egtC,4144913,4145614,-
etgB,4145614,4146891,-
gshA,4146888,4148186,-
Rv3705c,4148318,4148962,-
Rv3705A,4149091,4149480,-
Rv3706c,4149591,4149911,-
Rv3707c,4150030,4151040,-
asd,4151180,4152217,-
ask,4152218,4153483,-
leuA,4153740,4155674,+
dnaQ,4155740,4156729,-
Rv3712,4156981,4158222,+
cobQ2,4158227,4158922,+
Rv3714c,4158931,4159821,-
recR,4159889,4160500,-
Rv3716c,4160512,4160913,-
Rv3717,4161048,4161773,+
Rv3718c,4161815,4162258,-
Rv3719,4162306,4163718,+
Rv3720,4163736,4164998,+
dnaZX,4164995,4166731,-
Rv3722c,4166821,4168128,-
Rv3723,4168536,4169300,+
Rv3725,4170214,4171143,+
Rv3726,4171421,4172614,+
Rv3727,4172955,4174763,+
Rv3728,4174873,4178070,+
Rv3729,4178285,4180615,+
Rv3730c,4180680,4181720,-
ligC,4181758,4182834,+
Rv3732,4182934,4183992,+
Rv3733c,4184012,4184512,-
tgs2,4184526,4185890,-
Rv3735,4186089,4186577,+
Rv3736,4186634,4187695,+
Rv3737,4187699,4189288,+
PPE66,4189285,4190232,-
PPE67,4190284,4190517,-
Rv3740c,4190833,4192179,-
Rv3741c,4192179,4192853,-
Rv3742c,4192850,4193245,-
ctpJ,4193391,4195373,-
nmtR,4195440,4195802,+
Rv3745c,4195886,4196098,-
PE34,4196171,4196506,-
Rv3747,4196724,4197107,+
Rv3748,4197236,4197595,+
Rv3749c,4197628,4198137,-
Rv3750c,4198205,4198597,-
Rv3752c,4199247,4199705,-
Rv3753c,4199721,4200221,-
tyrA,4200421,4201326,+
Rv3755c,4201289,4201888,-
proZ,4201894,4202613,-
proW,4202610,4203299,-
proV,4203287,4204417,-
proX,4204426,4205373,-
Rv3760,4205538,4205840,+
fadE36,4205862,4206917,-
Rv3762c,4206996,4208876,-
lpqH,4209047,4209526,+
tcrY,4209582,4211009,-
tcrX,4211080,4211784,-
Rv3766,4212293,4212982,+
Rv3767c,4212996,4213940,-
Rv3768,4214070,4214429,+
Rv3769,4214615,4214887,+
Rv3770c,4215200,4215775,-
Rv3771c,4216404,4216730,-
hisC2,4217134,4218195,+
Rv3773c,4218241,4218825,-
echA21,4218849,4219673,+
lipE,4219685,4220932,+
Rv3776,4221089,4222648,+
Rv3777,4222694,4223680,+
Rv3778c,4223699,4224895,-
Rv3779,4224985,4226985,+
Rv3780,4226989,4227525,+
rfbE,4227529,4228350,+
glfT1,4228347,4229261,+
rfbD,4229258,4230100,+
Rv3784,4230256,4231236,+
Rv3785,4231320,4232393,+
Rv3786c,4232374,4233597,-
Rv3787c,4233610,4234536,-
Rv3788,4234780,4235265,+
Rv3789,4235374,4235739,+
dprE1,4235779,4237164,+
dprE2,4237165,4237929,+
aftA,4237932,4239863,+
embC,4239863,4243147,+
embA,4243233,4246517,+
embB,4246514,4249810,+
Rv3796,4249878,4251005,+
fadE35,4251085,4252866,+
Rv3798,4252993,4254327,+
accD4,4254380,4255948,-
pks13,4255945,4261146,-
fadD32,4261153,4263066,-
Rv3802c,4263355,4264365,-
fbpD,4264563,4265462,-
fbpA,4265642,4266658,-
aftB,4266953,4268836,-
ubiA,4268925,4269833,-
Rv3807c,4269840,4270337,-
glfT2,4270366,4272279,-
glf,4272276,4273475,-
pirG,4273739,4274593,+
Rv3811,4274798,4276417,+
PE_PGRS62,4276571,4278085,+
Rv3813c,4278394,4279215,-
Rv3814c,4279230,4280015,-
Rv3815c,4280033,4280788,-
Rv3816c,4280792,4281571,-
Rv3817,4281647,4282402,+
Rv3818,4282449,4283999,+
Rv3819,4283996,4284331,+
papA2,4284419,4285825,-
Rv3821,4285973,4286686,+
Rv3822,4286721,4287935,+
mmpL8,4288260,4291529,-
papA1,4291639,4293174,-
pks2,4293225,4299605,-
fadD23,4299812,4301566,+
Rv3827c,4301563,4302789,-
Rv3828c,4302786,4303397,-
Rv3829c,4303398,4305008,-
Rv3830c,4305056,4305685,-
Rv3831,4305757,4306239,+
Rv3832c,4306236,4306811,-
Rv3833,4306867,4307658,+
serS,4307655,4308914,-
Rv3835,4309047,4310396,+
Rv3836,4310401,4310814,+
Rv3837c,4311009,4311707,-
pheA,4311704,4312669,-
Rv3839,4312765,4313541,+
Rv3840,4313567,4313980,+
bfrB,4314178,4314723,+
glpQ1,4314738,4315562,-
Rv3843c,4315568,4316596,-
Rv3844,4318775,4319266,+
Rv3845,4319281,4319640,+
sodA,4320704,4321327,+
Rv3847,4321538,4322071,+
Rv3848,4322326,4323234,+
espR,4323499,4323897,+
Rv3850,4324015,4324671,+
Rv3851,4324683,4324967,+
hns,4325074,4325478,+
rraA,4325495,4325968,+
ethA,4326004,4327473,-
ethR,4327549,4328199,+
Rv3856c,4328401,4329408,-
Rv3857c,4329417,4329614,-
gltD,4330039,4331505,-
gltB,4331498,4336081,-
Rv3860,4336777,4337949,+
Rv3861,4337946,4338272,+
whiB6,4338171,4338521,-
Rv3863,4338849,4340027,+
espE,4340270,4341478,+
espF,4341566,4341877,+
espG1,4341880,4342731,+
espH,4342770,4343321,+
eccA1,4343314,4345035,+
eccB1,4345039,4346481,+
eccCa1,4346481,4348724,+
eccCb1,4348827,4350602,+
PE35,4350745,4351044,+
PPE68,4351075,4352181,+
esxB,4352274,4352576,+
esxA,4352609,4352896,+
espI,4353010,4355010,+
eccD1,4355007,4356542,+
espJ,4356693,4357535,+
espK,4357593,4359782,-
espL,4360199,4360546,-
espB,4360543,4361925,-
eccE1,4362032,4363420,-
mycP1,4363417,4364757,-
eccA2,4364979,4366838,-
eccE2,4366908,4368521,-
mycP2,4368518,4370170,-
eccD2,4370155,4371684,-
Rv3888c,4371681,4372706,-
espG2,4372800,4373630,-
esxC,4373726,4374013,-
esxD,4374049,4374372,-
PPE69,4374484,4375683,-
PE36,4375762,4375995,-
eccC2,4376262,4380452,-
eccB2,4380453,4381940,-
Rv3896c,4381943,4382851,-
Rv3897c,4383008,4383640,-
Rv3898c,4383653,4383985,-
Rv3899c,4384147,4385379,-
Rv3900c,4385373,4386308,-
Rv3901c,4386365,4386814,-
Rv3902c,4387365,4387895,-
Rv3903c,4387892,4390432,-
esxE,4390437,4390709,-
esxF,4390720,4391031,-
Rv3906c,4391097,4391606,-
pcnA,4391631,4393073,-
mutT4,4393449,4394195,+
Rv3909,4394192,4396600,+
Rv3910,4396597,4400151,+
sigM,4400186,4400854,+
Rv3912,4400870,4401634,+
trxB2,4401728,4402735,+
trxC,4402732,4403082,+
Rv3915,4403192,4404412,+
Rv3916c,4404433,4405167,-
parB,4405457,4406491,-
parA,4406488,4407531,-
gid,4407528,4408202,-
Rv3920c,4408334,4408897,-
Rv3921c,4408969,4410069,-
Rv3922c,4410053,4410415,-
rnpA,4410412,4410789,-
rpmH,4410786,4410929,-
ileT,10887,10960,+
alaT,11112,11184,+
leuT,25644,25726,+
F6,293604,293705,+
glyU,386204,386274,-
tyrT,658109,658189,+
B55,704187,704247,+
thrT,731494,731566,+
metT,731603,731676,+
trpT,733524,733596,+
thrV,850642,850713,-
ASdes,918264,918458,+
lysT,923803,923875,-
gluT,923999,924072,+
aspT,924110,924183,+
pheU,924213,924286,+
argT,1025321,1025393,-
alaV,1113511,1113583,+
glnT,1138076,1138147,-
leuX,1177396,1177469,+
MTS0858,1220388,1220487,-
mcr10,1283693,1283815,+
mcr11,1413094,1413224,-
argV,1446193,1446265,-
mcr3,1471619,1471742,+
rrs,1471846,1473382,+
rrl,1473658,1476795,+
rrf,1476899,1477013,+
leuW,1512728,1512811,+
mcr15,1535417,1535716,-
MTS1082,1547129,1547268,+
leuV,1828015,1828088,-
G2,1914962,1915190,-
proT,1946613,1946686,+
AS1726,1952291,1952503,-
MTS1338,1960667,1960783,+
AS1890,2139419,2139656,+
ASpks,2299745,2299886,+
leuU,2401987,2402072,+
rnpB,2500445,2500751,-
valV,2510598,2510669,-
mcr16,2517032,2517134,-
metV,2581764,2581837,-
asnT,2619407,2619479,-
mcr7,2692172,2692521,+
proU,2765331,2765404,-
glyV,2765541,2765611,+
argW,2794176,2794249,+
hisT,2827854,2827926,+
lysU,2835494,2835566,+
valT,2969497,2969568,-
glyT,2969753,2969825,+
cysU,2969855,2969925,+
valU,2969942,2970013,+
gluU,3348547,3348619,-
glnU,3348659,3348730,-
alaU,3431840,3431912,-
ssr,3467967,3468334,-
metU,3559370,3559443,-
thrU,4081365,4081437,-
B11,4099386,4099478,-
MTS2823,4100669,4100968,+
proY,4126541,4126614,+
C8,4168154,4168281,-
serV,4168345,4168430,+
serX,4199131,4199217,-
argU,4216865,4216937,-
serT,4216968,4217056,-
serU,4222581,4222667,-
MTS2975,4317073,4317165,+
